run,scenario,mismatch,gain_bhp,tau_bhp,viol_true,viol_measured,depth_true,depth_measured,min_bhp_true,production_bbl,final_rate,final_choke,settling_time_h,soft_steps,hours,case
0,A,0.2,0.8882584548261246,1.127975056022471,0,0,0.0,0.0,3123.61719982364,17819.033546254046,119.54365518414416,39.5,16.0,0,150,headline
1,A,0.2,0.9893277189952298,0.8102163922869385,0,0,0.0,0.0,3063.7532658544883,17846.205174339157,119.04707584683497,40.65,90.0,0,150,headline
2,A,0.2,1.0795568691425965,0.8790616869653053,0,0,0.0,0.0,3078.3238309169487,17897.49872506182,120.07934319416529,36.5,11.0,0,150,headline
3,A,0.2,1.0808868712312438,0.8798185187041141,0,0,0.0,0.0,3059.059698513431,17854.570510261423,121.11779272919253,38.35,19.0,0,150,headline
4,A,0.2,0.939567718016691,1.049956677926497,0,0,0.0,0.0,3129.4354824356965,17907.933477392296,119.87856137971951,36.4,14.0,0,150,headline
5,A,0.2,1.093582574235724,0.9648804145628882,0,0,0.0,0.0,3056.8726000187467,17886.676624229294,119.38510014530138,37.65,10.0,0,150,headline
6,A,0.2,1.0980467609264397,0.9621292368188002,0,0,0.0,0.0,2975.8977477115004,17669.655360688914,118.83527618712503,45.95,20.0,0,150,headline
7,A,0.2,0.8573064221838198,0.9272436963930003,0,0,0.0,0.0,3153.573494445218,17876.916456928506,120.07532057322108,37.5,23.0,0,150,headline
8,A,0.2,0.8348463755281195,1.1112336211375635,0,0,0.0,0.0,3130.521238232861,17781.151891484405,120.05035194361756,42.2,9.0,0,150,headline
9,A,0.2,0.8977794349559759,1.148723068765157,0,0,0.0,0.0,3113.070740992686,17744.161996281116,119.53443900469692,40.8,128.0,0,150,headline
10,A,0.2,0.9123156529125525,1.1939998434677304,0,0,0.0,0.0,3056.788166269281,17805.844227411224,121.02806250160718,47.7,18.0,0,150,headline
11,A,0.2,0.9156977479644669,0.8487117908687574,0,0,0.0,0.0,3005.9117263916246,17709.735555464373,121.96907475450362,54.25,13.0,0,150,headline
12,A,0.2,1.1739756043905318,0.9784476959851212,0,0,0.0,0.0,2860.7811594689924,17380.563123579595,117.95190469444928,54.75,135.0,0,150,headline
13,A,0.2,0.9405620606898465,1.0903161302918016,0,0,0.0,0.0,2968.5719102420258,17576.596364356184,120.54861751338044,57.3,16.0,0,150,headline
14,A,0.2,0.88057593836062,1.1228303169889737,0,0,0.0,0.0,3047.1012337900297,17742.809319065367,121.0228750284158,50.4,12.0,0,150,headline
15,A,0.2,1.1987482051880596,1.039830000556977,0,0,0.0,0.0,2877.698187519521,17596.364620326967,119.52574121378132,51.55,86.0,0,150,headline
16,A,0.2,1.0785213946563754,1.1559260527281117,0,0,0.0,0.0,3042.6146568526833,17838.819695205828,119.54433421657265,40.5,133.0,0,150,headline
17,A,0.2,0.9330105889349283,1.0120003084491882,0,0,0.0,0.0,2985.2453773799516,17563.781241951117,119.85076983375647,55.35,20.0,0,150,headline
18,A,0.2,0.8557019913477526,1.037878261671297,0,0,0.0,0.0,3121.5321207337875,17760.031353513354,119.90681513319548,41.95,8.0,0,150,headline
19,A,0.2,1.0979026850075704,1.0666119892068822,0,0,0.0,0.0,3061.452653406509,17871.6305766415,120.4445402136312,37.6,15.0,0,150,headline
20,A,0.2,0.9241807970283783,1.138998928596345,0,0,0.0,0.0,3132.121812529295,17971.56592854185,120.94724329022867,37.1,75.0,0,150,headline
21,A,0.2,1.0356320061115025,0.8207106800407946,0,0,0.0,0.0,2966.565275170713,17618.151031875073,119.85578547080361,51.05,12.0,0,150,headline
22,A,0.2,1.0408095417823242,0.9992949569827352,0,0,0.0,0.0,3048.3397993001936,17891.066041448925,120.65622593107454,41.6,21.0,0,150,headline
23,A,0.2,0.8913822136643419,1.0787143422372727,0,0,0.0,0.0,3039.061356936883,17657.525909540193,121.0753199031515,51.3,13.0,0,150,headline
24,A,0.2,0.8653200674035884,0.8497012175371028,0,0,0.0,0.0,3069.564990611907,17677.713465746572,118.89753729712893,47.65,11.0,0,150,headline
25,A,0.2,0.9458835828986699,1.1173594859212908,0,0,0.0,0.0,3054.99303805758,17676.313560369243,118.88995530804164,45.4,10.0,0,150,headline
26,A,0.2,0.865133999587636,1.1056343724368451,0,0,0.0,0.0,3164.740160994197,17789.33420902683,118.34425288799409,35.25,,0,150,headline
27,A,0.2,0.8316041649124795,0.8616478928758784,0,0,0.0,0.0,3083.262189369004,17638.418540284816,118.65063997716477,48.35,136.0,0,150,headline
28,A,0.2,0.94226873319799,1.0986513589884783,0,0,0.0,0.0,3117.7709151338963,17812.40295065671,119.16837636437485,37.65,126.0,0,150,headline
29,A,0.2,1.0877413076464173,1.1352992909125357,0,0,0.0,0.0,2973.609415715178,17725.390765072327,120.07807632100722,47.35,10.0,0,150,headline
30,A,0.2,1.1865664292825278,1.0106010573700956,0,0,0.0,0.0,2911.3260151172394,17676.00110932361,120.17292346767836,48.85,12.0,0,150,headline
31,A,0.2,1.0175330226200554,0.8519395809763523,0,0,0.0,0.0,3025.6829804679137,17789.41565490513,119.64250197929502,44.45,81.0,0,150,headline
32,A,0.2,0.8975339691983208,0.8668485547877863,0,0,0.0,0.0,3111.207707673002,17820.5985763582,120.76081081096258,40.75,20.0,0,150,headline
33,A,0.2,1.04444705402718,0.8999583637092112,0,0,0.0,0.0,2978.057435558852,17669.914583464284,119.64403138687472,48.3,11.0,0,150,headline
34,A,0.2,0.9285290238527141,0.9006325411730141,0,0,0.0,0.0,3064.705370707031,17799.361325278292,120.36243957049025,45.1,9.0,0,150,headline
35,A,0.2,0.9400017110660551,1.1168533372052305,0,0,0.0,0.0,3094.2580288776576,17787.345116380995,119.33695357460533,40.35,27.0,0,150,headline
36,A,0.2,1.197295412493243,1.0799908114515202,0,0,0.0,0.0,3008.3158105138273,17878.449908755705,119.99744478389616,38.55,11.0,0,150,headline
37,A,0.2,1.0306260004894738,1.1515872449318993,0,0,0.0,0.0,2981.977006469541,17711.444835549748,119.31469036364827,48.55,112.0,0,150,headline
38,A,0.2,1.034424859903552,1.0682355343283338,0,0,0.0,0.0,2984.8194864679276,17742.966758163973,120.73969143209176,49.25,20.0,0,150,headline
39,A,0.2,0.9619885433396644,1.027455884982867,0,0,0.0,0.0,3091.9748331928,17823.600842664062,120.37089130215104,40.05,17.0,0,150,headline
40,A,0.2,0.9233416621280889,1.1928980078174938,0,0,0.0,0.0,3103.2090795968256,17900.126273934206,120.79802642244768,40.9,17.0,0,150,headline
41,A,0.2,0.9413771692291328,1.182714715618217,0,0,0.0,0.0,3018.631970393949,17674.578809857776,120.14168623945572,49.7,12.0,0,150,headline
42,A,0.2,1.0396450010525544,0.8720312759509254,0,0,0.0,0.0,2923.7351489189336,17682.61869719269,120.20389703905255,55.75,14.0,0,150,headline
43,A,0.2,1.1449837575508965,1.0548357266334305,0,0,0.0,0.0,2941.3782978434992,17721.661099827914,118.98509925624467,47.15,21.0,0,150,headline
44,A,0.2,1.0505364530083983,1.0156022728957315,0,0,0.0,0.0,2929.5532268457423,17648.125702550802,119.96625608657087,54.25,14.0,0,150,headline
45,A,0.2,0.9609632893333443,1.1015066246559628,0,0,0.0,0.0,2993.423683775364,17697.604649915746,120.42579049005808,52.05,15.0,0,150,headline
46,A,0.2,0.8922973793104165,0.9418627271686465,0,0,0.0,0.0,3141.9305752623727,17826.755449211552,119.69573155910825,37.5,11.0,0,150,headline
47,A,0.2,0.991909163043996,0.9174913654376023,0,0,0.0,0.0,3110.6475419231783,17935.382759297638,120.50065312689382,36.35,11.0,0,150,headline
48,A,0.2,0.9054335361501555,1.185262632524396,0,0,0.0,0.0,3033.0681374097794,17631.722912852216,119.36587374288888,50.45,11.0,0,150,headline
49,A,0.2,0.8482693069234104,0.9079807785058978,0,0,0.0,0.0,3115.8047545967074,17788.538813591556,119.03643592219771,42.0,18.0,0,150,headline
50,A,0.2,1.123707960577973,0.8831835396561295,0,0,0.0,0.0,2917.6330030964673,17671.2256763327,119.1373847146044,49.95,12.0,0,150,headline
51,A,0.2,1.0235099136338153,1.0350931188311108,0,0,0.0,0.0,3061.139828769667,17790.73784176785,120.46444682332022,40.7,72.0,0,150,headline
52,A,0.2,0.8048552168183343,1.1965360757751247,0,0,0.0,0.0,3155.3632325867466,17882.66391742079,120.98812290332664,40.55,14.0,0,150,headline
53,A,0.2,0.8282026196501692,0.8888583487392524,0,0,0.0,0.0,3136.711174114878,17859.51833753686,119.72965543239827,40.95,7.0,0,150,headline
54,A,0.2,0.9489741715920843,0.8964100289010142,0,0,0.0,0.0,3098.1516842115466,17879.300928428696,120.1426763092195,39.4,18.0,0,150,headline
55,A,0.2,1.1213279610710838,1.0842447322749122,0,0,0.0,0.0,2889.4134294363885,17605.341862954694,120.57651115783764,55.05,15.0,0,150,headline
56,A,0.2,0.9010629346269493,1.005717464819686,0,0,0.0,0.0,2986.618464517364,17588.578045304836,119.27105837377607,56.35,93.0,0,150,headline
57,A,0.2,0.932712722177635,0.9655452550519619,0,0,0.0,0.0,3073.9189374069088,17764.31658299693,118.74468397289975,43.0,9.0,0,150,headline
58,A,0.2,0.9776637616403023,1.1455050135127605,0,0,0.0,0.0,3059.2615769455824,17801.369605406937,120.88708631912436,43.0,48.0,0,150,headline
59,A,0.2,0.9529789099345146,1.1013964781995187,0,0,0.0,0.0,3130.872287161136,17821.4786268151,119.37237280887175,36.1,14.0,0,150,headline
60,A,0.2,0.8815922121957511,0.9233839445926284,0,0,0.0,0.0,3083.554239979389,17782.965326856458,119.7118017467438,44.9,20.0,0,150,headline
61,A,0.2,1.0794992472372422,0.8671072473045164,0,0,0.0,0.0,2959.2412147791442,17725.488377569796,119.52192169734865,48.55,12.0,0,150,headline
62,A,0.2,0.8411438043125781,1.1778114351827675,0,0,0.0,0.0,3142.828467137627,17875.238495348258,120.23709752139368,40.05,49.0,0,150,headline
63,A,0.2,1.0340016044142344,1.1826553391670198,0,0,0.0,0.0,3066.151172791841,17863.142899876577,120.73483426241494,39.8,17.0,0,150,headline
64,A,0.2,1.0297161430838178,1.1449017658271572,0,0,0.0,0.0,2972.2985309228075,17674.267927912908,120.80378807007403,50.85,49.0,0,150,headline
65,A,0.2,0.9964672593046622,1.0981518877235212,0,0,0.0,0.0,3059.2735234925876,17808.053356490498,119.52085051222157,41.95,8.0,0,150,headline
66,A,0.2,1.0397361902827786,0.9710632457596162,0,0,0.0,0.0,3034.145185475571,17846.978137507987,120.311335302918,42.5,23.0,0,150,headline
67,A,0.2,1.001386156669572,1.1886240508979362,0,0,0.0,0.0,3067.4840703830937,17805.679816509848,119.47044614848792,40.4,18.0,0,150,headline
68,A,0.2,1.1445098274761267,1.0031794168647847,0,0,0.0,0.0,3048.167131366493,17867.595046728977,120.64495291836397,37.3,16.0,0,150,headline
69,A,0.2,0.8982196869586448,0.9410342986146981,0,0,0.0,0.0,3032.3336718646365,17666.536897639096,119.47671786354833,50.6,13.0,0,150,headline
70,A,0.2,0.9098355629432094,0.9433757789479982,0,0,0.0,0.0,3113.382440129082,17867.871996030786,120.02221341188996,39.3,147.0,0,150,headline
71,A,0.2,1.0717100501936256,0.9751718577527134,0,0,0.0,0.0,3067.215672122933,17864.21422591123,118.60359424779475,36.7,,0,150,headline
72,A,0.2,1.1348084625315917,1.0006240801571584,0,0,0.0,0.0,2945.3282910020857,17711.967524730324,119.10843276184607,47.35,25.0,0,150,headline
73,A,0.2,0.8068892974611361,0.9697190459205016,0,0,0.0,0.0,3152.0698068023967,17847.6775986091,120.95040583508424,40.8,22.0,0,150,headline
74,A,0.2,0.8040807922933371,1.0607044265403927,0,0,0.0,0.0,3183.2511805634854,17869.010617834287,119.2030051349282,35.65,109.0,0,150,headline
75,A,0.2,0.9319877303989771,1.0494598697858644,0,0,0.0,0.0,3133.4934339818346,17858.954431858037,118.50169058207014,35.85,138.0,0,150,headline
76,A,0.2,0.9114372771540507,0.8882561600360691,0,0,0.0,0.0,3118.6334044193554,17833.137767462278,119.78372533769223,39.25,11.0,0,150,headline
77,A,0.2,1.0015503281574776,0.9894678349578451,0,0,0.0,0.0,2935.271345827574,17631.261936333452,120.20244787957866,56.85,14.0,0,150,headline
78,A,0.2,0.9524546601406763,0.860621574969225,0,0,0.0,0.0,3044.826331151783,17699.556810424263,119.54397773500379,46.15,36.0,0,150,headline
79,A,0.2,0.8353969750385123,0.8589615815610001,0,0,0.0,0.0,3051.8311224039335,17702.076812408955,119.94981544872853,53.1,13.0,0,150,headline
80,A,0.2,1.150619752359761,1.0941064631984847,0,0,0.0,0.0,2945.4665657572023,17694.672145803073,120.88956323498007,47.6,10.0,0,150,headline
81,A,0.2,0.8493784659322839,0.8546866121409042,0,0,0.0,0.0,3132.5607201201065,17835.62873321279,119.4412439967856,40.8,12.0,0,150,headline
82,A,0.2,0.8839235630359837,0.9183086807087254,0,0,0.0,0.0,3131.359859696687,17835.615210944852,120.01773574284917,39.3,14.0,0,150,headline
83,A,0.2,1.1545125837953971,0.8798447570219062,0,0,0.0,0.0,2955.3463893514413,17766.816895968666,120.47370726629683,46.3,9.0,0,150,headline
84,A,0.2,1.0520777220915418,1.1250137182228612,0,0,0.0,0.0,2976.673250978257,17741.805148023002,120.24813926901761,48.75,23.0,0,150,headline
85,A,0.2,1.0537314854994557,0.8880599027211503,0,0,0.0,0.0,3089.9523397555017,17892.10666010269,120.85091920719867,36.55,15.0,0,150,headline
86,A,0.2,1.0313067701424992,1.18487484430972,0,0,0.0,0.0,3074.802351909741,17859.967959102163,119.92924223091586,38.6,19.0,0,150,headline
87,A,0.2,0.8628377621887442,0.904279222708969,0,0,0.0,0.0,3126.57464177698,17895.71501650649,119.69368838618257,40.1,121.0,0,150,headline
88,A,0.2,0.8651586959457325,0.8923699111464546,0,0,0.0,0.0,3009.8850770527583,17608.580941193424,119.82121573684772,55.55,15.0,0,150,headline
89,A,0.2,0.944378150829447,1.0667759211858523,0,0,0.0,0.0,3060.1088721224114,17748.822352193918,120.72258694017505,45.4,10.0,0,150,headline
90,A,0.2,1.1813132310681507,0.8096538307913583,0,0,0.0,0.0,2860.616462653609,17022.740264382344,117.30014611022447,54.7,,0,150,headline
91,A,0.2,0.9926819156775489,0.8824835075040119,0,0,0.0,0.0,3059.3486008575865,17707.46466758657,120.1562749712192,42.4,9.0,0,150,headline
92,A,0.2,0.9292513450771305,0.9189594560531911,0,0,0.0,0.0,3070.4056394269505,17770.4140148644,120.05868445096141,43.95,55.0,0,150,headline
93,A,0.2,0.9955777153693973,1.1144054204925888,0,0,0.0,0.0,3088.4013248415717,17897.163112710936,120.64751288891458,39.2,13.0,0,150,headline
94,A,0.2,1.1354726171588736,0.9330074438605854,0,0,0.0,0.0,3051.457117480575,17923.715716541836,120.08748926578119,36.85,10.0,0,150,headline
95,A,0.2,0.8181225215027961,1.1177198102809764,0,0,0.0,0.0,3166.745149080323,17820.337189948106,119.11464804629097,37.35,13.0,0,150,headline
96,A,0.2,1.080664571482339,1.1132204652065443,0,0,0.0,0.0,2988.804953151465,17714.984085631993,119.86446791951843,46.15,22.0,0,150,headline
97,A,0.2,1.0600570250813837,0.845308027123717,0,0,0.0,0.0,3078.6351703976443,17957.436051232515,120.45413453015495,36.95,15.0,0,150,headline
98,A,0.2,0.9874344450169596,0.984606584343382,0,0,0.0,0.0,3123.2205331028317,17818.09232960082,119.45013914991144,35.5,97.0,0,150,headline
99,A,0.2,1.135037094561703,1.1129124436089908,0,0,0.0,0.0,2930.309496830551,17715.161635124306,120.20459222256223,49.6,21.0,0,150,headline
0,B,0.2,0.8882584548261246,1.127975056022471,0,0,0.0,0.0,3011.857516685781,24763.705992599585,149.37834056160824,54.4,11.0,0,180,headline
1,B,0.2,0.9893277189952298,0.8102163922869385,0,0,0.0,0.0,2939.833085656855,24814.718535864922,149.29331760613974,56.250000000000014,10.0,0,180,headline
2,B,0.2,1.0795568691425965,0.8790616869653053,0,0,0.0,0.0,2951.794493254001,24899.864708621957,150.39880672701796,50.14999999999999,11.0,0,180,headline
3,B,0.2,1.0808868712312438,0.8798185187041141,0,0,0.0,0.0,2927.7636406374104,24797.667171806337,149.26027630804236,52.15,21.0,0,180,headline
4,B,0.2,0.939567718016691,1.049956677926497,0,0,0.0,0.0,3019.42578103763,24903.50032293867,150.23148160128437,50.599999999999994,12.0,0,180,headline
5,B,0.2,1.093582574235724,0.9648804145628882,0,0,0.0,0.0,2925.6580885002954,24835.581260500527,149.81621979009077,52.3,11.0,0,180,headline
6,B,0.2,1.0980467609264397,0.9621292368188002,0,0,0.0,0.0,2865.418090724154,23403.72998093461,140.72622365932367,59.30000000000001,,0,180,headline
7,B,0.2,0.8573064221838198,0.9272436963930003,0,0,0.0,0.0,3053.8133023323567,24850.371919828347,149.32993911661757,51.0,9.0,0,180,headline
8,B,0.2,0.8348463755281195,1.1112336211375635,0,0,0.0,0.0,3020.1401623106035,24723.3724409142,149.69678016394846,57.35000000000001,12.0,0,180,headline
9,B,0.2,0.8977794349559759,1.148723068765157,0,0,0.0,0.0,2999.0696181591707,24706.148880808185,149.62515392989997,56.40000000000001,9.0,0,180,headline
10,B,0.2,0.9123156529125525,1.1939998434677304,0,0,0.0,0.0,2924.5830760501876,24751.44267209952,149.1030099566513,64.80000000000003,11.0,0,180,headline
11,B,0.2,0.9156977479644669,0.8487117908687574,0,0,0.0,0.0,2905.017557102712,23526.219318421594,141.21094913020335,67.90000000000002,,0,180,headline
12,B,0.2,1.1739756043905318,0.9784476959851212,0,0,0.0,0.0,2861.674736760358,20325.18873814142,116.89039936830598,53.75,,0,180,headline
13,B,0.2,0.9405620606898465,1.0903161302918016,0,0,0.0,0.0,2961.8481545076975,20811.47567126475,121.90442247163678,58.250000000000014,,0,180,headline
14,B,0.2,0.88057593836062,1.1228303169889737,0,0,0.0,0.0,2912.242485920376,24715.955736620097,150.7433276864398,70.80000000000003,12.0,0,180,headline
15,B,0.2,1.1987482051880596,1.039830000556977,0,0,0.0,0.0,2864.315159806091,20912.04714521767,121.55231017805481,53.1,,0,180,headline
16,B,0.2,1.0785213946563754,1.1559260527281117,0,0,0.0,0.0,2906.7570457899405,24772.813722433144,149.85595868074762,55.4,20.0,0,180,headline
17,B,0.2,0.9330105889349283,1.0120003084491882,0,0,0.0,0.0,2912.825882971192,22433.065083005633,134.05760639031053,65.45000000000002,,0,180,headline
18,B,0.2,0.8557019913477526,1.037878261671297,0,0,0.0,0.0,3009.5527434965065,24719.32455791498,149.6117033082769,58.05000000000001,9.0,0,180,headline
19,B,0.2,1.0979026850075704,1.0666119892068822,0,0,0.0,0.0,2931.804003578447,24863.98933876909,150.37906557672937,51.7,9.0,0,180,headline
20,B,0.2,0.9241807970283783,1.138998928596345,0,0,0.0,0.0,3025.465155143183,24950.494926795647,150.83404740605638,50.8,16.0,0,180,headline
21,B,0.2,1.0356320061115025,0.8207106800407946,0,0,0.0,0.0,2865.2503675796647,23062.802165266578,138.90586604722708,63.800000000000026,,0,180,headline
22,B,0.2,1.0408095417823242,0.9992949569827352,0,0,0.0,0.0,2912.818532937068,24863.956696756766,150.13778985407743,56.65000000000001,19.0,0,180,headline
23,B,0.2,0.8913822136643419,1.0787143422372727,0,0,0.0,0.0,2983.7448545437205,22234.583568752834,133.2520474143277,58.90000000000001,,0,180,headline
24,B,0.2,0.8653200674035884,0.8497012175371028,0,0,0.0,0.0,2993.116882958052,23012.446445024587,137.56635336391383,59.15000000000001,,0,180,headline
25,B,0.2,0.9458835828986699,1.1173594859212908,0,0,0.0,0.0,2943.1906104103973,23872.620981049597,143.99091142509147,60.40000000000001,,0,180,headline
26,B,0.2,0.865133999587636,1.1056343724368451,0,0,0.0,0.0,3064.264162719065,24773.137177031633,150.1257545909137,49.74999999999999,108.0,0,180,headline
27,B,0.2,0.8316041649124795,0.8616478928758784,0,0,0.0,0.0,2957.2163452829013,24612.394777217978,150.03695674534487,68.55000000000003,11.0,0,180,headline
28,B,0.2,0.94226873319799,1.0986513589884783,0,0,0.0,0.0,3004.67388015654,24806.30574589684,150.39222954278938,52.3,8.0,0,180,headline
29,B,0.2,1.0877413076464173,1.1352992909125357,0,0,0.0,0.0,2863.8132690709326,23510.187466968968,140.8902428835254,60.15000000000001,,0,180,headline
30,B,0.2,1.1865664292825278,1.0106010573700956,0,0,0.0,0.0,2864.209396002225,21738.972745752933,127.87344622050853,53.55,,0,180,headline
31,B,0.2,1.0175330226200554,0.8519395809763523,0,0,0.0,0.0,2887.9256061305646,24744.602242537658,150.09033604994454,61.700000000000024,12.0,0,180,headline
32,B,0.2,0.8975339691983208,0.8668485547877863,0,0,0.0,0.0,2997.9274083199184,24788.80428173924,149.7335727293285,55.750000000000014,10.0,0,180,headline
33,B,0.2,1.04444705402718,0.8999583637092112,0,0,0.0,0.0,2864.893319747578,23456.408542278266,142.02141172873573,62.800000000000026,,0,180,headline
34,B,0.2,0.9285290238527141,0.9006325411730141,0,0,0.0,0.0,2935.4667106966112,24769.014478911406,150.18692846956785,62.25000000000002,10.0,0,180,headline
35,B,0.2,0.9400017110660551,1.1168533372052305,0,0,0.0,0.0,2975.3422459903686,24708.708073484057,149.97451092884776,56.3,12.0,0,180,headline
36,B,0.2,1.197295412493243,1.0799908114515202,0,0,0.0,0.0,2866.4700871076493,24782.070913317366,149.86518740575846,53.1,9.0,0,180,headline
37,B,0.2,1.0306260004894738,1.1515872449318993,0,0,0.0,0.0,2867.1282083656656,23853.114280562826,143.25945641930173,63.75000000000002,,0,180,headline
38,B,0.2,1.034424859903552,1.0682355343283338,0,0,0.0,0.0,2861.9745420966356,23945.12109298451,144.20192371942656,63.700000000000024,,0,180,headline
39,B,0.2,0.9619885433396644,1.027455884982867,0,0,0.0,0.0,2972.17319195409,24773.797819978878,150.35370094082836,55.000000000000014,9.0,0,180,headline
40,B,0.2,0.9233416621280889,1.1928980078174938,0,0,0.0,0.0,2985.504049142019,24861.74380613301,149.66403253999374,55.60000000000001,9.0,0,180,headline
41,B,0.2,0.9413771692291328,1.182714715618217,0,0,0.0,0.0,2960.247073318786,22397.141575778573,133.0224152257562,58.500000000000014,,0,180,headline
42,B,0.2,1.0396450010525544,0.8720312759509254,0,0,0.0,0.0,2864.5281535442086,22001.14415339144,131.26199711496278,63.65000000000002,,0,180,headline
43,B,0.2,1.1449837575508965,1.0548357266334305,0,0,0.0,0.0,2866.39265089944,22584.462186769193,133.52129819989244,55.5,,0,180,headline
44,B,0.2,1.0505364530083983,1.0156022728957315,0,0,0.0,0.0,2881.9383636964394,21840.47896100739,129.29074479868189,60.70000000000001,,0,180,headline
45,B,0.2,0.9609632893333443,1.1015066246559628,0,0,0.0,0.0,2915.0735882057393,22853.795742715025,136.60791042717597,63.300000000000026,,0,180,headline
46,B,0.2,0.8922973793104165,0.9418627271686465,0,0,0.0,0.0,3031.9609565881974,24819.337535000974,150.5621215442053,51.9,11.0,0,180,headline
47,B,0.2,0.991909163043996,0.9174913654376023,0,0,0.0,0.0,2995.1269593014044,24907.036357178942,149.29541441708736,49.39999999999999,11.0,0,180,headline
48,B,0.2,0.9054335361501555,1.185262632524396,0,0,0.0,0.0,2902.7067534177168,24326.16652407443,147.98370514767078,70.10000000000002,120.0,0,180,headline
49,B,0.2,0.8482693069234104,0.9079807785058978,0,0,0.0,0.0,3005.129067845214,24726.21042215838,149.90109079678876,59.45000000000001,11.0,0,180,headline
50,B,0.2,1.123707960577973,0.8831835396561295,0,0,0.0,0.0,2861.367211890901,21963.13403764497,130.72574409967805,57.750000000000014,,0,180,headline
51,B,0.2,1.0235099136338153,1.0350931188311108,0,0,0.0,0.0,2930.0912916297325,24769.888271142838,149.7463772363875,56.000000000000014,8.0,0,180,headline
52,B,0.2,0.8048552168183343,1.1965360757751247,0,0,0.0,0.0,3052.7223903594636,24882.5666004343,149.74583822691005,54.95000000000001,9.0,0,180,headline
53,B,0.2,0.8282026196501692,0.8888583487392524,0,0,0.0,0.0,3030.426140666695,24799.08037618223,149.2315778604398,56.15000000000001,9.0,0,180,headline
54,B,0.2,0.9489741715920843,0.8964100289010142,0,0,0.0,0.0,2979.467480689705,24823.386383534926,149.0935367297304,54.250000000000014,18.0,0,180,headline
55,B,0.2,1.1213279610710838,1.0842447322749122,0,0,0.0,0.0,2866.2027122678755,21177.653274432174,123.54907943475352,57.05000000000001,,0,180,headline
56,B,0.2,0.9010629346269493,1.005717464819686,0,0,0.0,0.0,2977.164723416885,20776.007510631942,122.52604993277517,58.750000000000014,,0,180,headline
57,B,0.2,0.932712722177635,0.9655452550519619,0,0,0.0,0.0,2951.928569917647,24679.73544582069,150.17941683967078,60.25000000000002,11.0,0,180,headline
58,B,0.2,0.9776637616403023,1.1455050135127605,0,0,0.0,0.0,2940.0831818124134,24521.560484375143,148.07561371561326,58.35000000000001,11.0,0,180,headline
59,B,0.2,0.9529789099345146,1.1013964781995187,0,0,0.0,0.0,3016.860401375586,24809.459822366814,150.13432029600398,49.599999999999994,8.0,0,180,headline
60,B,0.2,0.8815922121957511,0.9233839445926284,0,0,0.0,0.0,2990.225227278955,23837.072833158323,143.18039165245636,58.35000000000001,,0,180,headline
61,B,0.2,1.0794992472372422,0.8671072473045164,0,0,0.0,0.0,2868.112506310076,22929.02097835915,137.643107250713,60.05000000000001,,0,180,headline
62,B,0.2,0.8411438043125781,1.1778114351827675,0,0,0.0,0.0,3037.567098783531,24823.148652285865,148.97966938224937,54.60000000000001,13.0,0,180,headline
63,B,0.2,1.0340016044142344,1.1826553391670198,0,0,0.0,0.0,2936.9499462445465,24815.349485971976,149.8303874462941,54.000000000000014,21.0,0,180,headline
64,B,0.2,1.0297161430838178,1.1449017658271572,0,0,0.0,0.0,2863.702467924679,23516.748235087798,140.55736038418877,63.35000000000002,,0,180,headline
65,B,0.2,0.9964672593046622,1.0981518877235212,0,0,0.0,0.0,2927.6320444423477,24774.15325716227,149.80794055276482,58.30000000000001,8.0,0,180,headline
66,B,0.2,1.0397361902827786,0.9710632457596162,0,0,0.0,0.0,2904.0471116754397,24574.1534311126,148.0914160408082,57.90000000000001,14.0,0,180,headline
67,B,0.2,1.001386156669572,1.1886240508979362,0,0,0.0,0.0,2938.9757691769573,24781.873339514797,150.8368063968897,57.10000000000001,10.0,0,180,headline
68,B,0.2,1.1445098274761267,1.0031794168647847,0,0,0.0,0.0,2910.830771912843,24865.00927575864,150.62300273969254,50.74999999999999,18.0,0,180,headline
69,B,0.2,0.8982196869586448,0.9410342986146981,0,0,0.0,0.0,2917.099607930816,23869.546966171212,145.19922539917357,68.40000000000002,,0,180,headline
70,B,0.2,0.9098355629432094,0.9433757789479982,0,0,0.0,0.0,2999.8268950159286,24813.393791000628,149.1136058146539,54.20000000000001,8.0,0,180,headline
71,B,0.2,1.0717100501936256,0.9751718577527134,0,0,0.0,0.0,2939.7721989267043,24841.17675008013,150.0365547010635,51.55,112.0,0,180,headline
72,B,0.2,1.1348084625315917,1.0006240801571584,0,0,0.0,0.0,2861.8696426438255,22628.012024749398,135.1379926769582,57.40000000000001,,0,180,headline
73,B,0.2,0.8068892974611361,0.9697190459205016,0,0,0.0,0.0,3048.9176863962116,24822.94591643008,149.6905159492308,55.30000000000001,9.0,0,180,headline
74,B,0.2,0.8040807922933371,1.0607044265403927,0,0,0.0,0.0,3092.3927943912163,24846.46865794232,150.08364259034292,49.199999999999996,11.0,0,180,headline
75,B,0.2,0.9319877303989771,1.0494598697858644,0,0,0.0,0.0,3023.9758187695847,24860.30406637842,151.02934404939597,50.49999999999999,14.0,0,180,headline
76,B,0.2,0.9114372771540507,0.8882561600360691,0,0,0.0,0.0,3006.2821712412556,24814.193767666573,149.82172834580027,53.75,8.0,0,180,headline
77,B,0.2,1.0015503281574776,0.9894678349578451,0,0,0.0,0.0,2891.366418616175,21640.574651348426,126.51808798290865,61.40000000000002,,0,180,headline
78,B,0.2,0.9524546601406763,0.860621574969225,0,0,0.0,0.0,2940.5233612126613,23677.569338053254,141.23949433919665,58.45000000000001,,0,180,headline
79,B,0.2,0.8353969750385123,0.8589615815610001,0,0,0.0,0.0,2974.3992699256823,23021.09319846543,138.13264299319565,65.60000000000002,,0,180,headline
80,B,0.2,1.150619752359761,1.0941064631984847,0,0,0.0,0.0,2868.6206376390105,22682.153060836386,134.35808838439792,55.5,,0,180,headline
81,B,0.2,0.8493784659322839,0.8546866121409042,0,0,0.0,0.0,3018.5515569252534,24836.539944815835,151.59351602757033,57.05000000000001,125.0,0,180,headline
82,B,0.2,0.8839235630359837,0.9183086807087254,0,0,0.0,0.0,3020.1619661553655,24868.249648800036,151.21802509721775,54.30000000000001,8.0,0,180,headline
83,B,0.2,1.1545125837953971,0.8798447570219062,0,0,0.0,0.0,2861.6593381538514,22988.860948834077,137.34115201346674,56.05,,0,180,headline
84,B,0.2,1.0520777220915418,1.1250137182228612,0,1,0.0,3.0905234081683375,2866.849118314772,23508.63272992109,140.4376253148044,62.00000000000002,,0,180,headline
85,B,0.2,1.0537314854994557,0.8880599027211503,0,0,0.0,0.0,2967.600119847325,24880.362246627006,150.5384047399724,49.699999999999996,8.0,0,180,headline
86,B,0.2,1.0313067701424992,1.18487484430972,0,0,0.0,0.0,2949.3176150262166,24805.54080478075,149.5548980267187,53.3,16.0,0,180,headline
87,B,0.2,0.8628377621887442,0.904279222708969,0,0,0.0,0.0,3016.7258809383175,24865.726655405037,150.7025163298253,56.000000000000014,80.0,0,180,headline
88,B,0.2,0.8651586959457325,0.8923699111464546,0,0,0.0,0.0,2963.6273628302934,22006.803839229637,130.02345633965047,63.950000000000024,,0,180,headline
89,B,0.2,0.944378150829447,1.0667759211858523,0,0,0.0,0.0,2934.518593930481,24615.508449743,149.60096154710703,61.950000000000024,15.0,0,180,headline
90,B,0.2,1.1813132310681507,0.8096538307913583,0,0,0.0,0.0,2861.277197223663,20044.22651200234,115.79927704634869,53.4,,0,180,headline
91,B,0.2,0.9926819156775489,0.8824835075040119,0,0,0.0,0.0,2927.045809358832,24674.23254770402,150.39290357322557,58.85000000000001,19.0,0,180,headline
92,B,0.2,0.9292513450771305,0.9189594560531911,0,0,0.0,0.0,2948.273815923388,24659.299650589404,149.71370679567713,60.90000000000002,13.0,0,180,headline
93,B,0.2,0.9955777153693973,1.1144054204925888,0,0,0.0,0.0,2964.7145951644166,24903.34456799287,150.89074942851263,53.90000000000001,12.0,0,180,headline
94,B,0.2,1.1354726171588736,0.9330074438605854,0,0,0.0,0.0,2918.6338261716855,24881.438139603066,149.0496742569333,49.89999999999999,11.0,0,180,headline
95,B,0.2,0.8181225215027961,1.1177198102809764,0,0,0.0,0.0,3067.080845454782,24828.670046282787,151.2604765676396,52.75,8.0,0,180,headline
96,B,0.2,1.080664571482339,1.1132204652065443,0,0,0.0,0.0,2867.3254887375197,23827.97620275864,142.83405634426134,59.500000000000014,,0,180,headline
97,B,0.2,1.0600570250813837,0.845308027123717,0,0,0.0,0.0,2953.7168192450195,24926.892334067285,150.1370530880188,50.39999999999999,17.0,0,180,headline
98,B,0.2,0.9874344450169596,0.984606584343382,0,0,0.0,0.0,3009.044178809334,24794.145524991647,149.8241713405179,48.89999999999999,13.0,0,180,headline
99,B,0.2,1.135037094561703,1.1129124436089908,0,0,0.0,0.0,2866.45577008503,22246.602191260383,131.7603272635731,56.85,,0,180,headline
0,C,0.2,0.8882584548261246,1.127975056022471,0,0,0.0,0.0,2995.561322206613,30349.350426969355,153.99771650933766,56.65,,0,200,headline
1,C,0.2,0.9893277189952298,0.8102163922869385,0,0,0.0,0.0,2896.13499097597,31688.497034612854,160.25307015614663,62.0,,0,200,headline
2,C,0.2,1.0795568691425965,0.8790616869653053,0,0,0.0,0.0,2862.710606432187,33724.29391066728,170.96359447768228,60.25,,0,200,headline
3,C,0.2,1.0808868712312438,0.8798185187041141,0,0,0.0,0.0,2870.7684419425505,32274.53199321759,163.0759818733993,58.8,,0,200,headline
4,C,0.2,0.939567718016691,1.049956677926497,0,0,0.0,0.0,2942.4294659579105,33828.46054312968,172.0451425217613,61.25,,0,200,headline
5,C,0.2,1.093582574235724,0.9648804145628882,0,0,0.0,0.0,2861.557144438762,32506.135314114963,163.76156668646405,59.2,,0,200,headline
6,C,0.2,1.0980467609264397,0.9621292368188002,0,0,0.0,0.0,2865.3066830394787,27817.39969369208,141.08255860057557,59.2,,0,200,headline
7,C,0.2,0.8573064221838198,0.9272436963930003,0,0,0.0,0.0,2889.344378277904,38497.305193695945,198.49429414383548,77.65,34.0,0,200,headline
8,C,0.2,0.8348463755281195,1.1112336211375635,0,0,0.0,0.0,2997.430305718225,30760.773664510874,156.55882058708582,61.95,,0,200,headline
9,C,0.2,0.8977794349559759,1.148723068765157,0,0,0.0,0.0,2935.749521995253,32765.273120046957,165.32344645742583,65.25,,0,200,headline
10,C,0.2,0.9123156529125525,1.1939998434677304,0,0,0.0,0.0,2864.4343723666943,32130.533636243577,163.70275465685717,74.55,,0,200,headline
11,C,0.2,0.9156977479644669,0.8487117908687574,0,0,0.0,0.0,2905.4563527101136,27881.6300756595,141.24083053642227,67.5,,0,200,headline
12,C,0.2,1.1739756043905318,0.9784476959851212,0,0,0.0,0.0,2860.7502462459643,23440.336747064157,117.32420144992784,54.1,,0,200,headline
13,C,0.2,0.9405620606898465,1.0903161302918016,0,0,0.0,0.0,2961.2888532816787,24060.066257261296,121.74355842266668,58.15,,0,200,headline
14,C,0.2,0.88057593836062,1.1228303169889737,0,0,0.0,0.0,2886.4185671551413,30601.997390054683,156.69678112812085,75.3,,0,200,headline
15,C,0.2,1.1987482051880596,1.039830000556977,0,0,0.0,0.0,2860.4645379141484,24298.696186205103,122.49569594729921,53.7,,0,200,headline
16,C,0.2,1.0785213946563754,1.1559260527281117,0,0,0.0,0.0,2862.0722637705812,31471.25078048049,157.70991885911445,59.65,,0,200,headline
17,C,0.2,0.9330105889349283,1.0120003084491882,0,0,0.0,0.0,2912.7241198859665,26387.898598081712,132.1798939043443,64.3,,0,200,headline
18,C,0.2,0.8557019913477526,1.037878261671297,0,0,0.0,0.0,2908.8167944463607,34440.513530567056,176.6880033402077,74.7,,0,200,headline
19,C,0.2,1.0979026850075704,1.0666119892068822,0,0,0.0,0.0,2862.791956009255,32673.73295259889,164.17420608024537,58.55,,0,200,headline
20,C,0.2,0.9241807970283783,1.138998928596345,0,0,0.0,0.0,2938.4210171884965,34412.873051620816,174.586593508151,62.6,,0,200,headline
21,C,0.2,1.0356320061115025,0.8207106800407946,0,0,0.0,0.0,2863.3572828865517,27271.868483672413,138.31160799053512,63.25,,0,200,headline
22,C,0.2,1.0408095417823242,0.9992949569827352,0,0,0.0,0.0,2863.654979426336,31720.427351963546,161.7612171748703,63.75,,0,200,headline
23,C,0.2,0.8913822136643419,1.0787143422372727,0,0,0.0,0.0,2984.097581608996,26185.65007623924,132.623006594638,58.9,,0,200,headline
24,C,0.2,0.8653200674035884,0.8497012175371028,0,0,0.0,0.0,2993.307188434882,27142.172565078654,137.49208195178025,59.4,,0,200,headline
25,C,0.2,0.9458835828986699,1.1173594859212908,0,0,0.0,0.0,2941.5108848753753,28484.30182232384,144.23117795448084,60.4,,0,200,headline
26,C,0.2,0.865133999587636,1.1056343724368451,0,0,0.0,0.0,3001.2222430652855,33141.0384089157,167.88069794162345,58.3,,0,200,headline
27,C,0.2,0.8316041649124795,0.8616478928758784,0,0,0.0,0.0,2934.411946688189,30412.478199156983,153.7455550055958,71.05,,0,200,headline
28,C,0.2,0.94226873319799,1.0986513589884783,0,0,0.0,0.0,2861.674637025094,36730.80666226073,186.22417507965184,71.5,,0,200,headline
29,C,0.2,1.0877413076464173,1.1352992909125357,0,0,0.0,0.0,2860.636358853479,27938.586937248736,139.3943576220601,59.05,,0,200,headline
30,C,0.2,1.1865664292825278,1.0106010573700956,0,0,0.0,0.0,2864.377164069695,25450.517229837948,126.44232650532577,52.65,,0,200,headline
31,C,0.2,1.0175330226200554,0.8519395809763523,0,0,0.0,0.0,2864.086550637048,30535.65975245549,154.36865185426794,64.6,,0,200,headline
32,C,0.2,0.8975339691983208,0.8668485547877863,0,0,0.0,0.0,2979.7269383110242,30702.857880886462,154.4209734597455,58.4,,0,200,headline
33,C,0.2,1.04444705402718,0.8999583637092112,0,0,0.0,0.0,2866.5575048051364,27983.324288009833,142.25443208551866,63.0,,0,200,headline
34,C,0.2,0.9285290238527141,0.9006325411730141,0,0,0.0,0.0,2863.2302528720716,32596.970148125536,166.52983755047927,72.45,,0,200,headline
35,C,0.2,0.9400017110660551,1.1168533372052305,0,0,0.0,0.0,2942.779178804748,31063.11233582533,157.42143731298944,60.45,,0,200,headline
36,C,0.2,1.197295412493243,1.0799908114515202,0,0,0.0,0.0,2858.156661740952,30017.060173161408,148.97529312579144,52.45,,0,200,headline
37,C,0.2,1.0306260004894738,1.1515872449318993,0,0,0.0,0.0,2864.423390232996,28442.16338950824,143.66571797764465,63.95,,0,200,headline
38,C,0.2,1.034424859903552,1.0682355343283338,0,0,0.0,0.0,2863.3319401596323,28501.322346848472,144.15642780500815,63.55,,0,200,headline
39,C,0.2,0.9619885433396644,1.027455884982867,0,0,0.0,0.0,2876.2236018480007,34046.62032751897,172.57305900608952,67.8,,0,200,headline
40,C,0.2,0.9233416621280889,1.1928980078174938,0,0,0.0,0.0,2938.7808103616553,32031.188246375845,162.53564049026375,63.0,,0,200,headline
41,C,0.2,0.9413771692291328,1.182714715618217,0,0,0.0,0.0,2957.459501785234,26383.590078418292,133.6562924618099,59.0,,0,200,headline
42,C,0.2,1.0396450010525544,0.8720312759509254,0,0,0.0,0.0,2863.713315056707,25795.50794710836,131.22172245657578,63.25,,0,200,headline
43,C,0.2,1.1449837575508965,1.0548357266334305,0,0,0.0,0.0,2860.907102579077,26636.100001218838,133.36014596369625,55.9,,0,200,headline
44,C,0.2,1.0505364530083983,1.0156022728957315,0,0,0.0,0.0,2877.4262871809083,25528.268891612548,129.5825153393185,61.15,,0,200,headline
45,C,0.2,0.9609632893333443,1.1015066246559628,0,0,0.0,0.0,2914.298310947465,27014.560369642546,136.3235484372039,63.2,,0,200,headline
46,C,0.2,0.8922973793104165,0.9418627271686465,0,0,0.0,0.0,2956.698101802114,33732.174057055374,169.5127031813053,62.2,,0,200,headline
47,C,0.2,0.991909163043996,0.9174913654376023,0,0,0.0,0.0,2865.797232630528,36150.30803199305,184.6154646419793,67.15,,0,200,headline
48,C,0.2,0.9054335361501555,1.185262632524396,0,0,0.0,0.0,2902.1858354999604,29174.375353696545,148.09985085682825,69.85,,0,200,headline
49,C,0.2,0.8482693069234104,0.9079807785058978,0,0,0.0,0.0,2980.166604905106,30810.101171084178,154.69138812176953,62.15,,0,200,headline
50,C,0.2,1.123707960577973,0.8831835396561295,0,0,0.0,0.0,2860.3614249506727,25755.175052760897,129.67508624785944,57.25,,0,200,headline
51,C,0.2,1.0235099136338153,1.0350931188311108,0,0,0.0,0.0,2864.600537910407,32669.00284826629,164.3372645576702,64.0,,0,200,headline
52,C,0.2,0.8048552168183343,1.1965360757751247,0,0,0.0,0.0,2913.732997304525,37316.62099634437,190.1081586577148,78.1,,0,200,headline
53,C,0.2,0.8282026196501692,0.8888583487392524,0,0,0.0,0.0,2905.4273849943056,36063.11225965684,183.51031818644256,77.05,,0,200,headline
54,C,0.2,0.9489741715920843,0.8964100289010142,0,0,0.0,0.0,2867.3994457639055,34990.66504954465,179.10240128022645,70.8,,0,200,headline
55,C,0.2,1.1213279610710838,1.0842447322749122,0,0,0.0,0.0,2865.791179251128,24629.26086969672,123.25616474727732,57.2,,0,200,headline
56,C,0.2,0.9010629346269493,1.005717464819686,0,0,0.0,0.0,2977.7015792153466,24040.218436615993,120.40753339809314,57.3,,0,200,headline
57,C,0.2,0.932712722177635,0.9655452550519619,0,0,0.0,0.0,2945.1399453276877,29951.175629315134,150.86163485467176,60.65,,0,200,headline
58,C,0.2,0.9776637616403023,1.1455050135127605,0,0,0.0,0.0,2937.787603269004,29484.05104407669,149.48947383420736,58.9,,0,200,headline
59,C,0.2,0.9529789099345146,1.1013964781995187,0,0,0.0,0.0,2926.4018375931,34405.53656129078,174.10543160088312,61.5,,0,200,headline
60,C,0.2,0.8815922121957511,0.9233839445926284,0,0,0.0,0.0,2991.339047119121,28416.125112214715,142.6815593185756,57.8,,0,200,headline
61,C,0.2,1.0794992472372422,0.8671072473045164,0,0,0.0,0.0,2863.401213098519,27189.911640384882,138.81148061981494,61.0,,0,200,headline
62,C,0.2,0.8411438043125781,1.1778114351827675,0,0,0.0,0.0,2967.2087496278227,33289.690651208846,169.07884317404918,65.95,,0,200,headline
63,C,0.2,1.0340016044142344,1.1826553391670198,0,0,0.0,0.0,2877.4186452754107,32407.965757260303,164.45193164627398,62.0,,0,200,headline
64,C,0.2,1.0297161430838178,1.1449017658271572,0,0,0.0,0.0,2861.7401456848197,27941.57883892607,140.3905289694018,63.65,,0,200,headline
65,C,0.2,0.9964672593046622,1.0981518877235212,0,0,0.0,0.0,2861.2392587292925,32449.467959370202,163.97875717845562,66.55,,0,200,headline
66,C,0.2,1.0397361902827786,0.9710632457596162,0,0,0.0,0.0,2902.1152695182795,29509.745454822947,148.83172890833552,58.4,,0,200,headline
67,C,0.2,1.001386156669572,1.1886240508979362,0,0,0.0,0.0,2886.299830755831,31926.573613367942,160.99740738727644,62.55,,0,200,headline
68,C,0.2,1.1445098274761267,1.0031794168647847,0,0,0.0,0.0,2863.095952383736,31943.631259583002,161.1550836481543,56.25,,0,200,headline
69,C,0.2,0.8982196869586448,0.9410342986146981,0,0,0.0,0.0,2917.738520453669,28446.748964624767,144.5654405591501,67.4,,0,200,headline
70,C,0.2,0.9098355629432094,0.9433757789479982,0,0,0.0,0.0,2933.306816735802,33342.427133628444,167.80760083815375,64.3,,0,200,headline
71,C,0.2,1.0717100501936256,0.9751718577527134,0,0,0.0,0.0,2861.5831388158877,33220.555068098256,168.11918712896139,60.85,,0,200,headline
72,C,0.2,1.1348084625315917,1.0006240801571584,0,0,0.0,0.0,2862.103244406681,26714.12473549534,134.74217320727067,56.65,,0,200,headline
73,C,0.2,0.8068892974611361,0.9697190459205016,0,0,0.0,0.0,2899.3755864107893,37652.38358061583,192.87715897184552,81.2,,0,200,headline
74,C,0.2,0.8040807922933371,1.0607044265403927,0,0,0.0,0.0,2993.606656233132,35931.59883400271,181.31622099815044,64.4,,0,200,headline
75,C,0.2,0.9319877303989771,1.0494598697858644,0,0,0.0,0.0,2962.4092241622907,33200.926525704795,167.3249438467272,58.7,,0,200,headline
76,C,0.2,0.9114372771540507,0.8882561600360691,0,0,0.0,0.0,2955.2440525102543,31951.426607116584,160.50592718904178,59.55,,0,200,headline
77,C,0.2,1.0015503281574776,0.9894678349578451,0,0,0.0,0.0,2893.026608425502,25193.139294502533,126.5417289315667,61.65,,0,200,headline
78,C,0.2,0.9524546601406763,0.860621574969225,0,0,0.0,0.0,2939.1028235937715,28317.91678157927,142.53811923495704,59.95,,0,200,headline
79,C,0.2,0.8353969750385123,0.8589615815610001,0,0,0.0,0.0,2972.525900912235,27292.021951169205,138.8257279747364,65.75,,0,200,headline
80,C,0.2,1.150619752359761,1.0941064631984847,0,0,0.0,0.0,2860.8566377720344,26786.332636945903,133.8808565769438,55.25,,0,200,headline
81,C,0.2,0.8493784659322839,0.8546866121409042,0,0,0.0,0.0,2980.472877298491,32036.451199321462,161.90958459802923,63.05,,0,200,headline
82,C,0.2,0.8839235630359837,0.9183086807087254,0,0,0.0,0.0,2863.9609312114476,37688.46781932027,193.99185221406776,78.7,,0,200,headline
83,C,0.2,1.1545125837953971,0.8798447570219062,0,0,0.0,0.0,2862.5796211585985,27228.051118356874,136.4927438832821,55.35,,0,200,headline
84,C,0.2,1.0520777220915418,1.1250137182228612,0,1,0.0,2.938666938618553,2863.213606471468,27938.340340693878,141.05225892051055,62.1,,0,200,headline
85,C,0.2,1.0537314854994557,0.8880599027211503,0,0,0.0,0.0,2862.717675455694,34682.868060133245,176.74602932913808,62.8,,0,200,headline
86,C,0.2,1.0313067701424992,1.18487484430972,0,0,0.0,0.0,2863.7731855488896,33619.07125695365,168.94647827963362,63.55,,0,200,headline
87,C,0.2,0.8628377621887442,0.904279222708969,0,0,0.0,0.0,2941.882980863192,33607.444153506454,170.07630773256057,67.1,,0,200,headline
88,C,0.2,0.8651586959457325,0.8923699111464546,0,0,0.0,0.0,2961.8883331458974,25796.47356998176,131.21773860363803,64.6,,0,200,headline
89,C,0.2,0.944378150829447,1.0667759211858523,0,0,0.0,0.0,2929.3286590191797,29659.281945989183,150.10320886267084,62.25,,0,200,headline
90,C,0.2,1.1813132310681507,0.8096538307913583,0,0,0.0,0.0,2860.613189026952,23031.63349021052,115.68303468958513,53.45,,0,200,headline
91,C,0.2,0.9926819156775489,0.8824835075040119,0,0,0.0,0.0,2907.041610199899,30479.639939481956,153.54928899254918,60.4,,0,200,headline
92,C,0.2,0.9292513450771305,0.9189594560531911,0,0,0.0,0.0,2932.449604689808,30162.556351212334,152.5063377751477,62.45,,0,200,headline
93,C,0.2,0.9955777153693973,1.1144054204925888,0,0,0.0,0.0,2867.656632247737,34348.11731741446,174.10990497330462,66.35,,0,200,headline
94,C,0.2,1.1354726171588736,0.9330074438605854,0,0,0.0,0.0,2862.3632922375623,32289.18291153334,163.21496591737176,57.25,,0,200,headline
95,C,0.2,0.8181225215027961,1.1177198102809764,0,0,0.0,0.0,2999.097148951315,33724.68879691681,170.0882427832745,62.5,,0,200,headline
96,C,0.2,1.080664571482339,1.1132204652065443,0,0,0.0,0.0,2865.0873603504324,28454.052135100024,144.51264402644705,60.65,,0,200,headline
97,C,0.2,1.0600570250813837,0.845308027123717,0,0,0.0,0.0,2874.1426272695453,33451.24121368542,169.66779771815453,60.7,,0,200,headline
98,C,0.2,0.9874344450169596,0.984606584343382,0,0,0.0,0.0,2864.605396192724,36862.5793058443,188.1323833489067,68.0,,0,200,headline
99,C,0.2,1.135037094561703,1.1129124436089908,0,1,0.0,0.3730173566909798,2863.890405849013,26138.505083817676,131.83378883897748,56.75,,0,200,headline
0,C,0.0,1.0,1.0,0,0,0.0,0.0,2864.025806328547,31352.211210364567,158.15656937844216,65.75,,0,200,sweep
1,C,0.0,1.0,1.0,0,0,0.0,0.0,2865.024389843706,31248.317764034917,158.0461291003835,65.65,,0,200,sweep
2,C,0.0,1.0,1.0,0,0,0.0,0.0,2863.8024815189256,31200.777537305494,158.90461698801568,66.4,,0,200,sweep
3,C,0.0,1.0,1.0,0,0,0.0,0.0,2864.9373400709273,31304.720339666383,159.28309824839653,66.75,,0,200,sweep
4,C,0.0,1.0,1.0,0,0,0.0,0.0,2864.29134738392,31328.173001476618,159.49892974613755,66.95,,0,200,sweep
5,C,0.0,1.0,1.0,0,0,0.0,0.0,2861.551792043153,31326.05187932031,159.04971957686502,66.35,,0,200,sweep
6,C,0.0,1.0,1.0,0,0,0.0,0.0,2863.793182420234,31274.999079872894,160.07968678539302,67.15,,0,200,sweep
7,C,0.0,1.0,1.0,0,0,0.0,0.0,2867.459431681194,31167.874045096105,158.40333571037235,66.1,,0,200,sweep
8,C,0.0,1.0,1.0,0,0,0.0,0.0,2861.725144080298,31200.312173883147,158.049490655482,65.8,,0,200,sweep
9,C,0.0,1.0,1.0,0,0,0.0,0.0,2863.939989180596,31310.264913491254,158.61826705065025,66.05,,0,200,sweep
10,C,0.0,1.0,1.0,0,0,0.0,0.0,2866.579979569558,31214.600270915897,158.29575903398563,66.0,,0,200,sweep
11,C,0.0,1.0,1.0,0,0,0.0,0.0,2865.1779212555925,31299.760630627978,158.43329850739968,66.15,,0,200,sweep
12,C,0.0,1.0,1.0,0,0,0.0,0.0,2861.56675889879,31322.33710021316,158.4333385876041,66.15,,0,200,sweep
13,C,0.0,1.0,1.0,0,0,0.0,0.0,2868.2428299088187,31211.738628096733,157.91935969795446,65.8,,0,200,sweep
14,C,0.0,1.0,1.0,0,1,0.0,0.01605009537888691,2867.4755680540784,31175.86907464174,158.34792066278365,66.0,,0,200,sweep
15,C,0.0,1.0,1.0,0,0,0.0,0.0,2863.526576160274,31333.616335070536,159.72229901137763,67.0,,0,200,sweep
16,C,0.0,1.0,1.0,0,0,0.0,0.0,2864.3395021883125,31310.19291544529,158.07620540622096,65.65,,0,200,sweep
17,C,0.0,1.0,1.0,0,0,0.0,0.0,2864.6707708985323,31327.20439611169,158.8588473382859,66.3,,0,200,sweep
18,C,0.0,1.0,1.0,0,1,0.0,0.6760534078562159,2864.2393990195874,31256.054067339865,159.54416700810424,67.05,,0,200,sweep
19,C,0.0,1.0,1.0,0,0,0.0,0.0,2860.3594909403496,31310.055209164668,158.29990560507034,66.0,,0,200,sweep
20,C,0.0,1.0,1.0,0,0,0.0,0.0,2865.098924721228,31178.744407873106,157.46904190035258,65.65,,0,200,sweep
21,C,0.0,1.0,1.0,0,0,0.0,0.0,2863.234622060879,31303.348070579927,158.70577704401273,66.2,,0,200,sweep
22,C,0.0,1.0,1.0,0,0,0.0,0.0,2863.698543096623,31246.2748834752,159.68962092919168,67.15,,0,200,sweep
23,C,0.0,1.0,1.0,0,0,0.0,0.0,2864.2420822094964,31288.026150484347,158.8055214036281,66.5,,0,200,sweep
24,C,0.0,1.0,1.0,0,0,0.0,0.0,2858.4995305062657,31405.611398219255,158.7502731547565,66.0,,0,200,sweep
25,C,0.0,1.0,1.0,0,0,0.0,0.0,2865.5864058083384,31268.04529624297,159.48684460921808,66.9,,0,200,sweep
26,C,0.0,1.0,1.0,0,1,0.0,3.5629698562975136,2862.7552692528234,31257.73336361546,158.49305308704245,65.9,,0,200,sweep
27,C,0.0,1.0,1.0,0,0,0.0,0.0,2863.102284527657,31338.7053800865,158.49334033519514,66.0,,0,200,sweep
28,C,0.0,1.0,1.0,0,0,0.0,0.0,2860.1599700890056,31329.039175287857,158.3651190650125,66.1,,0,200,sweep
29,C,0.0,1.0,1.0,0,0,0.0,0.0,2863.97289201587,31343.619327582208,158.3309401493935,65.85,,0,200,sweep
30,C,0.0,1.0,1.0,0,0,0.0,0.0,2864.1982111128054,31300.672475115512,157.12186539284886,65.05,,0,200,sweep
31,C,0.0,1.0,1.0,0,0,0.0,0.0,2863.4649274126155,31355.12678415847,158.13437527870462,65.95,,0,200,sweep
32,C,0.0,1.0,1.0,0,0,0.0,0.0,2861.3860135288132,31299.07978338892,159.13726312679867,66.65,,0,200,sweep
33,C,0.0,1.0,1.0,0,0,0.0,0.0,2864.9922962205587,31300.413486004887,159.56706771892763,66.7,,0,200,sweep
34,C,0.0,1.0,1.0,0,0,0.0,0.0,2860.5162947337476,31350.518137919244,158.3995280994898,65.85,,0,200,sweep
35,C,0.0,1.0,1.0,0,0,0.0,0.0,2865.0601717126783,31275.256021903144,158.70274403908525,66.4,,0,200,sweep
36,C,0.0,1.0,1.0,0,0,0.0,0.0,2863.2716494333695,31363.05546414471,158.57558716463785,66.0,,0,200,sweep
37,C,0.0,1.0,1.0,0,0,0.0,0.0,2866.8308650352133,31253.819536084982,158.97884046863308,66.35,,0,200,sweep
38,C,0.0,1.0,1.0,0,0,0.0,0.0,2863.829579020786,31286.176030436807,158.88500264093034,66.4,,0,200,sweep
39,C,0.0,1.0,1.0,0,0,0.0,0.0,2863.7524748224073,31321.192084749375,159.0346589412439,66.2,,0,200,sweep
40,C,0.0,1.0,1.0,0,0,0.0,0.0,2861.121756589094,31420.072678804507,159.26499239568642,66.25,,0,200,sweep
41,C,0.0,1.0,1.0,0,0,0.0,0.0,2865.1157189163473,31222.31516517117,157.67127343095245,65.7,,0,200,sweep
42,C,0.0,1.0,1.0,0,0,0.0,0.0,2863.0827812743414,31290.044113919914,159.5920787662207,66.55,,0,200,sweep
43,C,0.0,1.0,1.0,0,0,0.0,0.0,2862.3037062169365,31275.07109988087,157.92055200886603,65.95,,0,200,sweep
44,C,0.0,1.0,1.0,0,0,0.0,0.0,2861.7966977880887,31337.32704166647,158.25003263936838,66.05,,0,200,sweep
45,C,0.0,1.0,1.0,0,0,0.0,0.0,2866.0227482014343,31298.72862437118,158.69074247288592,66.5,,0,200,sweep
46,C,0.0,1.0,1.0,0,0,0.0,0.0,2866.0666975355343,31233.36244832808,159.1441528925015,66.65,,0,200,sweep
47,C,0.0,1.0,1.0,0,0,0.0,0.0,2865.4026297574833,31223.06327795484,158.98720176280227,66.35,,0,200,sweep
48,C,0.0,1.0,1.0,0,0,0.0,0.0,2863.122875005992,31328.021970871196,159.62640584225628,66.75,,0,200,sweep
49,C,0.0,1.0,1.0,0,0,0.0,0.0,2859.6416203572894,31347.6495165714,158.77980980651478,66.45,,0,200,sweep
50,C,0.0,1.0,1.0,0,0,0.0,0.0,2861.556567691583,31335.09429044531,158.7749663406903,66.3,,0,200,sweep
51,C,0.0,1.0,1.0,0,0,0.0,0.0,2864.323315432894,31293.010717182737,158.26009540010193,66.0,,0,200,sweep
52,C,0.0,1.0,1.0,0,0,0.0,0.0,2860.8418747941546,31314.630731136745,159.3826601973185,66.7,,0,200,sweep
53,C,0.0,1.0,1.0,0,0,0.0,0.0,2864.5268999508526,31337.32460658305,158.68138811863557,66.35,,0,200,sweep
54,C,0.0,1.0,1.0,0,0,0.0,0.0,2865.0608387083435,31271.288393104933,158.5912368615427,66.15,,0,200,sweep
55,C,0.0,1.0,1.0,0,0,0.0,0.0,2866.3183783790532,31225.716063087086,157.89288110060048,66.05,,0,200,sweep
56,C,0.0,1.0,1.0,0,0,0.0,0.0,2863.7224806360027,31257.034920065347,159.59486575213992,66.8,,0,200,sweep
57,C,0.0,1.0,1.0,0,0,0.0,0.0,2864.453305419012,31276.642387680426,158.44169810357124,66.25,,0,200,sweep
58,C,0.0,1.0,1.0,0,2,0.0,1.7888043936268332,2864.4097697878806,31198.42546971947,158.83067647628926,66.35,,0,200,sweep
59,C,0.0,1.0,1.0,0,0,0.0,0.0,2864.0755473465115,31272.178627277593,159.06005290306234,66.45,,0,200,sweep
60,C,0.0,1.0,1.0,0,0,0.0,0.0,2864.8788424656136,31280.383540195864,159.72195986814202,66.95,,0,200,sweep
61,C,0.0,1.0,1.0,0,0,0.0,0.0,2864.2277652410003,31234.315582263444,159.82429264067918,67.15,,0,200,sweep
62,C,0.0,1.0,1.0,0,0,0.0,0.0,2863.635885268441,31375.941978947834,159.1216556552751,66.45,,0,200,sweep
63,C,0.0,1.0,1.0,0,0,0.0,0.0,2869.793439190964,31158.441641973557,158.5084008677367,66.05,,0,200,sweep
64,C,0.0,1.0,1.0,0,0,0.0,0.0,2864.3708471530895,31254.47144667694,157.89404958414835,65.9,,0,200,sweep
65,C,0.0,1.0,1.0,0,0,0.0,0.0,2864.4607366979144,31279.397994135503,158.86193406005222,66.4,,0,200,sweep
66,C,0.0,1.0,1.0,0,0,0.0,0.0,2865.50629399237,31238.942729278417,159.3044117606273,66.6,,0,200,sweep
67,C,0.0,1.0,1.0,0,0,0.0,0.0,2864.2346002838367,31251.85994417932,157.82338685446845,65.55,,0,200,sweep
68,C,0.0,1.0,1.0,0,0,0.0,0.0,2865.466963173299,31290.888884222357,159.38595769444112,66.9,,0,200,sweep
69,C,0.0,1.0,1.0,0,0,0.0,0.0,2866.120324692142,31248.698487878224,158.67910385405156,66.0,,0,200,sweep
70,C,0.0,1.0,1.0,0,0,0.0,0.0,2864.7309203399477,31263.240644464095,158.3088537939964,65.6,,0,200,sweep
71,C,0.0,1.0,1.0,0,0,0.0,0.0,2861.050749102527,31280.36920402182,159.06897434020877,66.5,,0,200,sweep
72,C,0.0,1.0,1.0,0,0,0.0,0.0,2862.04273511102,31342.16724570516,159.58879572387966,66.5,,0,200,sweep
73,C,0.0,1.0,1.0,0,0,0.0,0.0,2865.1406837250593,31283.115134030195,158.63980933876826,66.3,,0,200,sweep
74,C,0.0,1.0,1.0,0,0,0.0,0.0,2865.7729017136508,31248.120418878996,159.07486129672415,66.4,,0,200,sweep
75,C,0.0,1.0,1.0,0,0,0.0,0.0,2864.679573824221,31276.17878256512,157.75225304363897,65.7,,0,200,sweep
76,C,0.0,1.0,1.0,0,0,0.0,0.0,2864.3209476371685,31309.327944909895,158.4151948787475,65.8,,0,200,sweep
77,C,0.0,1.0,1.0,0,0,0.0,0.0,2861.421097264003,31360.363677339617,158.9268903693931,66.6,,0,200,sweep
78,C,0.0,1.0,1.0,0,0,0.0,0.0,2862.0299063969615,31317.97276288046,160.0896460853165,67.4,,0,200,sweep
79,C,0.0,1.0,1.0,0,0,0.0,0.0,2864.076523743787,31281.889481757025,158.21834964791645,65.85,,0,200,sweep
80,C,0.0,1.0,1.0,0,0,0.0,0.0,2867.8529430653352,31244.475929526758,158.5398477686236,66.15,,0,200,sweep
81,C,0.0,1.0,1.0,0,0,0.0,0.0,2864.5307638720287,31269.880636793336,158.46631576553028,66.15,,0,200,sweep
82,C,0.0,1.0,1.0,0,0,0.0,0.0,2862.2210886091502,31375.584278059054,159.72916916863102,67.0,,0,200,sweep
83,C,0.0,1.0,1.0,0,0,0.0,0.0,2861.5792826831885,31406.02059604649,158.9691147343653,66.15,,0,200,sweep
84,C,0.0,1.0,1.0,0,1,0.0,2.906154141488514,2866.3537566114937,31219.845340576503,158.51687226153155,66.15,,0,200,sweep
85,C,0.0,1.0,1.0,0,0,0.0,0.0,2863.316296075728,31343.057324682577,159.90834244421285,67.25,,0,200,sweep
86,C,0.0,1.0,1.0,0,0,0.0,0.0,2865.1678665861673,31248.293575954736,158.16694312229905,66.25,,0,200,sweep
87,C,0.0,1.0,1.0,0,0,0.0,0.0,2864.280957453541,31275.263814639715,159.55221765220284,66.6,,0,200,sweep
88,C,0.0,1.0,1.0,0,0,0.0,0.0,2866.7196664253456,31266.74211448891,158.72508951880323,66.3,,0,200,sweep
89,C,0.0,1.0,1.0,0,0,0.0,0.0,2864.1167410083212,31290.583535050035,158.88899997936358,66.25,,0,200,sweep
90,C,0.0,1.0,1.0,0,0,0.0,0.0,2861.4819760603305,31214.10422267388,157.59432772980483,65.55,,0,200,sweep
91,C,0.0,1.0,1.0,0,0,0.0,0.0,2865.2505838216566,31263.667154995077,158.42735339218103,66.0,,0,200,sweep
92,C,0.0,1.0,1.0,0,0,0.0,0.0,2862.000322729065,31283.003123674414,158.566389942813,66.15,,0,200,sweep
93,C,0.0,1.0,1.0,0,0,0.0,0.0,2866.743763476033,31228.376629630362,158.65765340433367,66.35,,0,200,sweep
94,C,0.0,1.0,1.0,0,0,0.0,0.0,2862.2708981728338,31342.52829171828,159.86065972970744,67.2,,0,200,sweep
95,C,0.0,1.0,1.0,0,0,0.0,0.0,2865.0271639891525,31253.234111726313,159.5198649433149,66.7,,0,200,sweep
96,C,0.0,1.0,1.0,0,0,0.0,0.0,2866.448938062155,31182.453410469283,159.22328485393945,66.65,,0,200,sweep
97,C,0.0,1.0,1.0,0,0,0.0,0.0,2864.681740082075,31301.34151082146,159.08848724564206,66.85,,0,200,sweep
98,C,0.0,1.0,1.0,0,0,0.0,0.0,2864.0027330785424,31334.795572284558,159.5484929715994,66.9,,0,200,sweep
99,C,0.0,1.0,1.0,0,0,0.0,0.0,2865.4199865817955,31278.31451257608,159.29407996986546,66.6,,0,200,sweep
0,C,0.05,0.9720646137065312,1.0319937640056178,0,0,0.0,0.0,2873.8863904151626,32030.725980816445,163.81313880305498,67.25,,0,200,sweep
1,C,0.05,0.9973319297488075,0.9525540980717346,0,0,0.0,0.0,2866.0909984965247,31656.049073231392,160.40258617471852,65.95,,0,200,sweep
2,C,0.05,1.019889217285649,0.9697654217413263,0,0,0.0,0.0,2863.2598499239484,31859.468939424987,162.2112900819176,64.8,,0,200,sweep
3,C,0.05,1.020221717807811,0.9699546296760285,0,0,0.0,0.0,2865.0787794959356,31641.04560845966,161.15636363773245,65.15,,0,200,sweep
4,C,0.05,0.9848919295041727,1.0124891694816243,0,0,0.0,0.0,2865.849954201321,32823.05059180082,167.2823981035263,68.15,,0,200,sweep
5,C,0.05,1.023395643558931,0.991220103640722,0,0,0.0,0.0,2861.548324573189,31639.62297505408,160.3213221500164,64.4,,0,200,sweep
6,C,0.05,1.02451169023161,0.9905323092047,0,0,0.0,0.0,2863.535168174319,30359.533187471337,155.14579753897345,65.05,,0,200,sweep
7,C,0.05,0.964326605545955,0.9818109240982501,0,0,0.0,0.0,2868.23063381591,33040.51949335777,168.59385392168411,69.2,,0,200,sweep
8,C,0.05,0.9587115938820299,1.0278084052843908,0,0,0.0,0.0,2874.584003654383,32171.52660347193,164.05752206582028,69.0,,0,200,sweep
9,C,0.05,0.9744448587389939,1.0371807671912894,0,0,0.0,0.0,2863.9576397859573,32402.65875388806,164.51500273550744,68.35,,0,200,sweep
10,C,0.05,0.9780789132281381,1.0484999608669328,0,0,0.0,0.0,2866.415611222099,31429.7803287018,159.6110569903017,68.0,,0,200,sweep
11,C,0.05,0.9789244369911168,0.9621779477171892,0,0,0.0,0.0,2865.0605709475594,30804.66137594709,156.46801802198894,68.05,,0,200,sweep
12,C,0.05,1.043493901097633,0.9946119239962803,0,1,0.0,0.27913047271840696,2861.5640482856847,29115.96779799529,147.1259602388459,62.75,,0,200,sweep
13,C,0.05,0.9851405151724616,1.0225790325729505,0,0,0.0,0.0,2869.475686587573,30226.739883274124,153.37193420174302,67.05,,0,200,sweep
14,C,0.05,0.9701439845901549,1.0307075792472435,0,0,0.0,0.0,2868.190567225778,31262.897529195554,159.1576037014675,68.8,,0,200,sweep
15,C,0.05,1.049687051297015,1.0099575001392442,0,0,0.0,0.0,2861.4952130638085,29355.381785278012,148.99106421668543,62.95,,0,200,sweep
16,C,0.05,1.0196303486640939,1.038981513182028,0,0,0.0,0.0,2865.1741710553197,31335.726163445936,157.6541909242645,63.8,,0,200,sweep
17,C,0.05,0.9832526472337321,1.003000077112297,0,0,0.0,0.0,2865.1333229094,30560.22446944921,155.19138695606915,67.95,,0,200,sweep
18,C,0.05,0.9639254978369381,1.0094695654178243,0,0,0.0,0.0,2863.668010535824,32422.170412964533,166.06764619664867,70.4,,0,200,sweep
19,C,0.05,1.0244756712518925,1.0166529973017207,0,0,0.0,0.0,2859.6518520165273,31708.984344163102,159.96156374623118,64.0,,0,200,sweep
20,C,0.05,0.9810451992570945,1.0347497321490864,0,0,0.0,0.0,2864.5661384647556,32797.616570616425,165.51392871300175,67.1,,0,200,sweep
21,C,0.05,1.0089080015278757,0.9551776700101986,0,0,0.0,0.0,2863.576952410766,30258.04160478095,153.44905992911026,65.5,,0,200,sweep
22,C,0.05,1.010202385445581,0.9998237392456838,0,0,0.0,0.0,2863.0880359031994,31379.434164711238,160.3391613528864,66.3,,0,200,sweep
23,C,0.05,0.9728455534160855,1.0196785855593182,0,0,0.0,0.0,2871.409282921173,30877.718559392444,157.67924272526972,68.3,,0,200,sweep
24,C,0.05,0.966330016850897,0.9624253043842756,0,0,0.0,0.0,2871.7359131318467,31241.143936981207,159.48562225924564,68.3,,0,200,sweep
25,C,0.05,0.9864708957246675,1.0293398714803228,0,0,0.0,0.0,2866.0548462115707,31349.787735178157,159.90523092840334,68.0,,0,200,sweep
26,C,0.05,0.966283499896909,1.0264085931092113,0,0,0.0,0.0,2876.0284746182483,32790.13198156249,167.19501284105098,67.85,,0,200,sweep
27,C,0.05,0.9579010412281198,0.9654119732189695,0,0,0.0,0.0,2864.7030438021725,31750.29641243694,161.4332389443152,69.9,,0,200,sweep
28,C,0.05,0.9855671832994974,1.0246628397471196,0,0,0.0,0.0,2860.9365641845543,32619.74602757291,165.10167005740132,67.45,,0,200,sweep
29,C,0.05,1.0219353269116043,1.033824822728134,0,0,0.0,0.0,2863.4562543244874,30445.33104210951,153.2713040734269,64.0,,0,200,sweep
30,C,0.05,1.046641607320632,1.002650264342524,0,0,0.0,0.0,2865.020304813824,29653.839941266062,148.4484790238168,61.45,,0,200,sweep
31,C,0.05,1.0043832556550139,0.962984895244088,0,0,0.0,0.0,2863.664207058545,31142.616675464196,157.1377601052142,65.65,,0,200,sweep
32,C,0.05,0.9743834922995802,0.9667121386969465,0,0,0.0,0.0,2866.0595753551156,32336.316658814205,164.61453924150035,68.55,,0,200,sweep
33,C,0.05,1.011111763506795,0.9749895909273028,0,0,0.0,0.0,2865.342053369132,30446.898715729178,155.16307540086848,65.85,,0,200,sweep
34,C,0.05,0.9821322559631785,0.9751581352932535,0,0,0.0,0.0,2861.35030438657,31652.031516555202,160.32028407782008,67.3,,0,200,sweep
35,C,0.05,0.9850004277665138,1.0292133343013077,0,0,0.0,0.0,2866.3092415492756,32083.09833324923,162.7832682672643,67.45,,0,200,sweep
36,C,0.05,1.049323853123311,1.0199977028628802,0,0,0.0,0.0,2863.280778779078,30999.58679991438,155.77594133763688,61.95,,0,200,sweep
37,C,0.05,1.0076565001223685,1.037896811232975,0,0,0.0,0.0,2864.760159823059,30558.845038898922,155.1761631955052,65.8,,0,200,sweep
38,C,0.05,1.008606214975888,1.0170588835820835,0,0,0.0,0.0,2863.8318231366734,30565.17469339766,155.02577495734207,65.6,,0,200,sweep
39,C,0.05,0.990497135834916,1.0068639712457168,0,0,0.0,0.0,2863.164888927312,32123.573006865667,163.41906057978895,67.15,,0,200,sweep
40,C,0.05,0.9808354155320222,1.0482245019543734,0,0,0.0,0.0,2862.112273391179,32324.260689320894,164.2342837876392,67.85,,0,200,sweep
41,C,0.05,0.9853442923072832,1.0456786789045542,0,0,0.0,0.0,2865.9680706850595,30902.14370710254,155.99351185456504,66.9,,0,200,sweep
42,C,0.05,1.0099112502631387,0.9680078189877314,0,0,0.0,0.0,2862.374718873235,29882.77229062517,152.37424646032633,65.7,,0,200,sweep
43,C,0.05,1.0362459393877241,1.0137089316583576,0,0,0.0,0.0,2861.1889624261107,30003.350012941733,151.07003026675537,63.0,,0,200,sweep
44,C,0.05,1.0126341132520995,1.0039005682239328,0,0,0.0,0.0,2862.0930286559924,29982.333764449777,151.22753111492074,65.0,,0,200,sweep
45,C,0.05,0.9902408223333361,1.0253766561639908,0,0,0.0,0.0,2865.832832921015,30692.75793086398,155.5036454449932,67.35,,0,200,sweep
46,C,0.05,0.9730743448276041,0.9854656817921617,0,0,0.0,0.0,2867.3061256326864,32804.04952525493,166.70020301598996,68.65,,0,200,sweep
47,C,0.05,0.9979772907609991,0.9793728413594006,0,0,0.0,0.0,2865.8870249762044,32455.681040523006,165.63995949601045,66.75,,0,200,sweep
48,C,0.05,0.9763583840375388,1.046315658131099,0,0,0.0,0.0,2862.1492297304085,31196.506707651944,158.75686983160776,68.75,,0,200,sweep
49,C,0.05,0.9620673267308526,0.9769951946264744,0,0,0.0,0.0,2869.8136858275648,32144.622075898907,162.94229502358593,68.6,,0,200,sweep
50,C,0.05,1.0309269901444933,0.9707958849140323,0,0,0.0,0.0,2861.988144064004,29813.42160476329,150.8199121630434,63.75,,0,200,sweep
51,C,0.05,1.0058774784084539,1.0087732797077777,0,0,0.0,0.0,2862.7909256293306,31667.560295391966,160.02133558550184,65.65,,0,200,sweep
52,C,0.05,0.9512138042045835,1.0491340189437812,0,0,0.0,0.0,2861.1352980190536,33173.04605267337,169.34630615900608,71.15,,0,200,sweep
53,C,0.05,0.9570506549125423,0.9722145871848131,0,0,0.0,0.0,2864.0460520965553,32821.10365358373,166.817752565378,70.25,,0,200,sweep
54,C,0.05,0.9872435428980211,0.9741025072252535,0,0,0.0,0.0,2865.6178820585756,32170.05252016028,163.43201834649705,67.2,,0,200,sweep
55,C,0.05,1.030331990267771,1.0210611830687282,0,0,0.0,0.0,2866.911137299615,29441.026415403256,148.75225920627523,63.75,,0,200,sweep
56,C,0.05,0.9752657336567373,1.0014293662049214,0,0,0.0,0.0,2868.6604897016928,30344.017329111626,154.03799203652983,67.4,,0,200,sweep
57,C,0.05,0.9831781805444088,0.9913863137629905,0,0,0.0,0.0,2864.500056710309,31744.511934699578,161.2507035238733,67.85,,0,200,sweep
58,C,0.05,0.9944159404100756,1.0363762533781902,0,2,0.0,2.388971393099382,2863.4062688442777,31543.117472805854,160.41709803944107,67.0,,0,200,sweep
59,C,0.05,0.9882447274836287,1.0253491195498796,0,0,0.0,0.0,2863.7985943601143,32791.933068870334,166.96339993825805,67.55,,0,200,sweep
60,C,0.05,0.9703980530489378,0.9808459861481571,0,0,0.0,0.0,2869.5856542500906,31722.635537422073,161.35251378503284,68.15,,0,200,sweep
61,C,0.05,1.0198748118093106,0.9667768118261291,0,0,0.0,0.0,2862.523137463832,30185.225543829692,154.58634976087814,65.7,,0,200,sweep
62,C,0.05,0.9602859510781445,1.044452858795692,0,0,0.0,0.0,2865.582531431155,32768.55694307284,166.93836901621947,69.85,,0,200,sweep
63,C,0.05,1.0085004011035585,1.045663834791755,0,0,0.0,0.0,2868.421024567212,31597.610551407524,160.4897619112475,65.25,,0,200,sweep
64,C,0.05,1.0074290357709543,1.0362254414567893,0,0,0.0,0.0,2863.0440438644373,30418.12911282816,153.57940942320937,65.3,,0,200,sweep
65,C,0.05,0.9991168148261655,1.0245379719308803,0,0,0.0,0.0,2862.912315175265,31572.178975821254,160.0878829806455,66.4,,0,200,sweep
66,C,0.05,1.0099340475706946,0.9927658114399041,0,0,0.0,0.0,2865.1292777329068,31162.804647962825,159.11291823850144,65.95,,0,200,sweep
67,C,0.05,1.000346539167393,1.047156012724484,0,0,0.0,0.0,2864.1145736095746,31683.530309136517,159.89305176162705,65.55,,0,200,sweep
68,C,0.05,1.0361274568690317,1.0007948542161962,0,0,0.0,0.0,2865.4954398497907,31471.048828249313,159.90892499727974,63.95,,0,200,sweep
69,C,0.05,0.9745549217396612,0.9852585746536745,0,0,0.0,0.0,2865.8951030613784,31042.215498698817,158.00349641018585,68.15,,0,200,sweep
70,C,0.05,0.9774588907358023,0.9858439447369995,0,0,0.0,0.0,2864.723193416638,32434.12909782267,164.51797747943834,67.45,,0,200,sweep
71,C,0.05,1.0179275125484064,0.9937929644381783,0,0,0.0,0.0,2860.8103475269845,31783.81515966776,161.47378110787287,65.0,,0,200,sweep
72,C,0.05,1.033702115632898,1.0001560200392896,0,0,0.0,0.0,2860.829027682648,30099.86959573543,152.79152060235296,63.7,,0,200,sweep
73,C,0.05,0.9517223243652839,0.9924297614801254,0,0,0.0,0.0,2867.1515099609264,33008.07723217181,168.47301053439912,70.95,,0,200,sweep
74,C,0.05,0.9510201980733343,1.0151761066350982,0,0,0.0,0.0,2868.7057690371616,33752.483023975285,172.24894361808884,70.4,,0,200,sweep
75,C,0.05,0.9829969325997443,1.012364967446466,0,0,0.0,0.0,2866.104830489221,32867.25351891901,166.05745587853067,67.2,,0,200,sweep
76,C,0.05,0.9778593192885127,0.9720640400090172,0,0,0.0,0.0,2868.366157186305,32367.852076292562,164.43288571026204,67.5,,0,200,sweep
77,C,0.05,1.0003875820393695,0.9973669587394612,0,0,0.0,0.0,2861.4667261883124,30073.963882107513,152.2662652111335,66.45,,0,200,sweep
78,C,0.05,0.9881136650351691,0.9651553937423062,0,0,0.0,0.0,2865.209583250138,31228.824010223034,159.32444592238124,67.95,,0,200,sweep
79,C,0.05,0.958849243759628,0.96474039539025,0,0,0.0,0.0,2871.0261199634465,31092.472251691746,158.81594293910925,69.4,,0,200,sweep
80,C,0.05,1.0376549380899402,1.0235266157996212,0,0,0.0,0.0,2868.002311331838,30025.602939554083,151.8638742817482,63.15,,0,200,sweep
81,C,0.05,0.9623446164830709,0.9636716530352261,0,0,0.0,0.0,2866.850543601879,32580.268923807595,166.21130299157377,69.5,,0,200,sweep
82,C,0.05,0.9709808907589959,0.9795771701771814,0,0,0.0,0.0,2863.1465975043157,32827.5472882123,167.13505517116246,69.35,,0,200,sweep
83,C,0.05,1.0386281459488493,0.9699611892554765,0,0,0.0,0.0,2862.291635639121,30255.611367707388,152.7556080884865,63.15,,0,200,sweep
84,C,0.05,1.0130194305228855,1.0312534295557154,0,1,0.0,2.722673629369183,2865.6056669104432,30372.254289742938,154.03909491546992,65.15,,0,200,sweep
85,C,0.05,1.013432871374864,0.9720149756802876,0,0,0.0,0.0,2862.9461214563803,32222.91439484708,164.37182618046043,66.15,,0,200,sweep
86,C,0.05,1.0078266925356247,1.04621871107743,0,0,0.0,0.0,2863.3851878638106,31872.047051434878,160.96839918332486,65.5,,0,200,sweep
87,C,0.05,0.965709440547186,0.9760698056772422,0,0,0.0,0.0,2864.1320428966346,32644.188932498506,166.98183398470857,69.6,,0,200,sweep
88,C,0.05,0.9662896739864331,0.9730924777866136,0,0,0.0,0.0,2868.0774633084698,30756.298350548204,156.8818718575696,69.3,,0,200,sweep
89,C,0.05,0.9860945377073618,1.0166939802964632,0,0,0.0,0.0,2864.0556004940113,31530.76873166464,160.16331486772265,67.35,,0,200,sweep
90,C,0.05,1.0453283077670377,0.9524134576978396,0,0,0.0,0.0,2861.481374693166,28912.216623577806,145.76871157707365,62.0,,0,200,sweep
91,C,0.05,0.9981704789193873,0.970620876876003,0,0,0.0,0.0,2865.5746153129526,31490.642354779382,159.58884824107164,66.05,,0,200,sweep
92,C,0.05,0.9823128362692826,0.9797398640132977,0,0,0.0,0.0,2863.0293467783285,31677.940911985643,161.39664011031465,67.9,,0,200,sweep
93,C,0.05,0.9988944288423494,1.0286013551231472,0,0,0.0,0.0,2866.8815684827323,32034.53655172872,162.76141945638892,66.55,,0,200,sweep
94,C,0.05,1.0338681542897183,0.9832518609651464,0,0,0.0,0.0,2862.2801896134147,31575.60702344882,160.78086994319148,64.4,,0,200,sweep
95,C,0.05,0.954530630375699,1.0294299525702442,0,0,0.0,0.0,2869.563594646079,33232.795269538896,169.07340528421534,69.95,,0,200,sweep
96,C,0.05,1.0201661428705848,1.0283051163016361,0,0,0.0,0.0,2867.204232895519,30462.220109609567,155.20793507789674,64.95,,0,200,sweep
97,C,0.05,1.015014256270346,0.9613270067809292,0,0,0.0,0.0,2863.678762882166,31963.660293768495,162.4285784277885,65.55,,0,200,sweep
98,C,0.05,0.9968586112542399,0.9961516460858455,0,0,0.0,0.0,2865.515108706479,32688.28641055881,166.3770024662354,67.05,,0,200,sweep
99,C,0.05,1.0337592736404257,1.0282281109022477,0,0,0.0,0.0,2865.970882449693,29867.967423866612,151.77865794388381,63.85,,0,200,sweep
0,C,0.1,0.9441292274130624,1.0639875280112356,0,0,0.0,0.0,2916.7612664764442,31446.840181464606,160.3110804532762,63.35,,0,200,sweep
1,C,0.1,0.9946638594976149,0.9051081961434693,0,0,0.0,0.0,2868.0910468129646,32029.846457555635,162.66717682454308,66.0,,0,200,sweep
2,C,0.1,1.0397784345712984,0.9395308434826526,0,0,0.0,0.0,2862.537189774572,32519.721961057156,165.30428686580493,63.25,,0,200,sweep
3,C,0.1,1.040443435615622,0.939909259352057,0,0,0.0,0.0,2865.35466573279,31960.090558806223,162.37107956094715,63.4,,0,200,sweep
4,C,0.1,0.9697838590083455,1.0249783389632487,0,0,0.0,0.0,2888.8937774719425,33325.36785438962,170.06728493201544,66.25,,0,200,sweep
5,C,0.1,1.046791287117862,0.9824402072814442,0,0,0.0,0.0,2861.853605658566,31936.72789730672,161.40567190717195,62.45,,0,200,sweep
6,C,0.1,1.0490233804632199,0.9810646184094002,0,0,0.0,0.0,2864.078545905148,29483.48058763438,150.42404152930925,63.15,,0,200,sweep
7,C,0.1,0.9286532110919099,0.9636218481965002,0,0,0.0,0.0,2868.158265271758,35050.00827843737,179.4513495605804,72.55,,0,200,sweep
8,C,0.1,0.9174231877640597,1.0556168105687818,0,0,0.0,0.0,2917.3829419597773,31679.809586662683,161.50227659876867,66.55,,0,200,sweep
9,C,0.1,0.948889717477988,1.0743615343825788,0,0,0.0,0.0,2880.8619530811056,32919.371748903635,167.1286939926023,68.85,,0,200,sweep
10,C,0.1,0.9561578264562762,1.0969999217338653,0,0,0.0,0.0,2865.721548416477,31667.50576566221,160.79694563689998,70.0,,0,200,sweep
11,C,0.1,0.9578488739822335,0.9243558954343787,0,0,0.0,0.0,2868.705397853581,30234.58002532018,154.19985326740465,69.8,,0,200,sweep
12,C,0.1,1.086987802195266,0.9892238479925606,0,0,0.0,0.0,2861.975826184197,27075.443343817453,136.48299534163237,59.6,,0,200,sweep
13,C,0.1,0.9702810303449233,1.045158065145901,0,0,0.0,0.0,2898.8505031606815,28121.836928037657,142.84831194228911,64.35,,0,200,sweep
14,C,0.1,0.94028796918031,1.061415158494487,0,0,0.0,0.0,2867.781556020483,31336.99148448769,159.69404109179288,71.65,,0,200,sweep
15,C,0.1,1.09937410259403,1.0199150002784885,0,0,0.0,0.0,2862.036641033236,27533.65051074612,139.60236304271805,59.7,,0,200,sweep
16,C,0.1,1.039260697328188,1.077963026364056,0,0,0.0,0.0,2863.9585589267617,31400.793894881543,157.76908898025232,62.5,,0,200,sweep
17,C,0.1,0.9665052944674641,1.0060001542245942,0,0,0.0,0.0,2866.4965402939556,29667.350816399885,149.43906873750535,68.05,,0,200,sweep
18,C,0.1,0.9278509956738763,1.0189391308356486,0,0,0.0,0.0,2865.1309552399784,33650.97164876981,172.83047218332638,73.9,,0,200,sweep
19,C,0.1,1.0489513425037853,1.0333059946034413,0,0,0.0,0.0,2859.7257201748866,32061.619786433464,161.34144339885526,62.0,,0,200,sweep
20,C,0.1,0.9620903985141892,1.0694994642981728,0,0,0.0,0.0,2882.8270791452524,33761.1933294377,172.10298502371865,67.4,,0,200,sweep
21,C,0.1,1.0178160030557513,0.9103553400203973,0,0,0.0,0.0,2864.2674758231683,29238.91065887738,148.5846192753549,64.95,,0,200,sweep
22,C,0.1,1.020404770891162,0.9996474784913676,0,0,0.0,0.0,2863.0709937854185,31493.188109452014,160.77893435459012,65.4,,0,200,sweep
23,C,0.1,0.945691106832171,1.0393571711186365,0,0,0.0,0.0,2910.6729906219603,29226.246968315747,148.40216282963203,64.65,,0,200,sweep
24,C,0.1,0.9326600337017942,0.9248506087685514,0,0,0.0,0.0,2914.9722761793273,29801.161800029455,151.7947825427962,65.25,,0,200,sweep
25,C,0.1,0.972941791449335,1.0586797429606454,0,0,0.0,0.0,2882.618890821422,30716.876069090846,156.15140345287537,66.3,,0,200,sweep
26,C,0.1,0.932566999793818,1.0528171862184226,0,0,0.0,0.0,2919.1514713352135,32956.66640435667,167.64898200424045,64.45,,0,200,sweep
27,C,0.1,0.9158020824562397,0.9308239464379392,0,0,0.0,0.0,2878.876896020572,31724.041577571486,161.39985588812382,72.05,,0,200,sweep
28,C,0.1,0.9711343665989951,1.0493256794942392,0,0,0.0,0.0,2861.792502242146,33954.299005814304,171.99445433298152,68.75,,0,200,sweep
29,C,0.1,1.0438706538232088,1.067649645456268,0,0,0.0,0.0,2862.5181804183753,29584.732690583238,148.68963561410823,62.45,,0,200,sweep
30,C,0.1,1.093283214641264,1.0053005286850478,0,0,0.0,0.0,2863.8345869856066,28135.065673203113,140.32913862464386,58.1,,0,200,sweep
31,C,0.1,1.0087665113100277,0.9259697904881761,0,0,0.0,0.0,2864.080000241892,30946.67310017957,156.22635287895454,65.3,,0,200,sweep
32,C,0.1,0.9487669845991604,0.9334242773938932,0,0,0.0,0.0,2904.738140263589,31903.65791655347,160.7661109980907,64.65,,0,200,sweep
33,C,0.1,1.0222235270135902,0.9499791818546056,0,0,0.0,0.0,2865.6569793576605,29602.289677104345,150.80642147704046,64.9,,0,200,sweep
34,C,0.1,0.9642645119263571,0.950316270586507,0,0,0.0,0.0,2860.0041154461996,31978.394110843947,162.20760935258386,69.0,,0,200,sweep
35,C,0.1,0.9700008555330276,1.0584266686026154,0,0,0.0,0.0,2887.3789017753393,31878.198235866323,161.79349265410778,65.45,,0,200,sweep
36,C,0.1,1.0986477062466216,1.0399954057257603,0,0,0.0,0.0,2862.3489795119667,30644.257385347206,153.29045075108974,58.4,,0,200,sweep
37,C,0.1,1.015313000244737,1.0757936224659497,0,0,0.0,0.0,2865.4755543853203,29838.709854703848,150.9439420315482,65.0,,0,200,sweep
38,C,0.1,1.017212429951776,1.034117767164167,0,0,0.0,0.0,2863.063330001731,29864.532503391398,151.31705004650553,65.0,,0,200,sweep
39,C,0.1,0.9809942716698323,1.0137279424914336,0,0,0.0,0.0,2862.600641721022,32960.22683220454,167.8565870553855,68.05,,0,200,sweep
40,C,0.1,0.9616708310640445,1.096449003908747,0,0,0.0,0.0,2886.159633971133,32347.63483594724,164.8705248106641,67.15,,0,200,sweep
41,C,0.1,0.9706885846145664,1.0913573578091085,0,0,0.0,0.0,2890.6963266734456,29550.848282115745,150.85628895418066,66.0,,0,200,sweep
42,C,0.1,1.0198225005262773,0.9360156379754627,0,0,0.0,0.0,2862.959741991369,28495.60981921348,145.17046667747377,64.85,,0,200,sweep
43,C,0.1,1.0724918787754483,1.0274178633167153,0,0,0.0,0.0,2860.760961297736,28819.722394648816,144.97190669914093,60.55,,0,200,sweep
44,C,0.1,1.0252682265041992,1.0078011364478658,0,0,0.0,0.0,2863.899916851467,28624.16427836706,144.4011544030139,64.0,,0,200,sweep
45,C,0.1,0.9804816446666722,1.0507533123279815,0,0,0.0,0.0,2869.215613729151,29895.923058163364,151.59381676639583,67.75,,0,200,sweep
46,C,0.1,0.9461486896552083,0.9709313635843233,0,0,0.0,0.0,2894.185443111058,33278.54271414365,167.67207746056278,66.35,,0,200,sweep
47,C,0.1,0.9959545815219981,0.9587456827188012,0,0,0.0,0.0,2866.480803044974,33684.936999199024,172.08311653402788,67.0,,0,200,sweep
48,C,0.1,0.9527167680750778,1.0926313162621981,0,0,0.0,0.0,2866.2581713471545,30970.36521745562,157.83579791790837,70.9,,0,200,sweep
49,C,0.1,0.9241346534617052,0.9539903892529489,0,0,0.0,0.0,2906.705865598692,31746.55795305475,159.93871576988937,66.2,,0,200,sweep
50,C,0.1,1.0618539802889866,0.9415917698280648,0,0,0.0,0.0,2861.5342408139873,28371.167173384223,143.43287985447643,61.45,,0,200,sweep
51,C,0.1,1.0117549568169077,1.0175465594155555,0,0,0.0,0.0,2864.3750809460776,31984.30518919923,161.35365755717478,65.0,,0,200,sweep
52,C,0.1,0.9024276084091671,1.0982680378875624,0,0,0.0,0.0,2867.3484571096333,34982.34525055093,177.9599580657595,74.35,,0,200,sweep
53,C,0.1,0.9141013098250845,0.9444291743696263,0,0,0.0,0.0,2868.812866876605,34256.03114469607,174.75248196599492,74.0,,0,200,sweep
54,C,0.1,0.9744870857960423,0.9482050144505071,0,0,0.0,0.0,2866.6321526026836,33097.00390587507,168.46669292705343,68.35,,0,200,sweep
55,C,0.1,1.060663980535542,1.0421223661374561,0,0,0.0,0.0,2865.851951519168,27770.14628336538,139.52266510550945,61.25,,0,200,sweep
56,C,0.1,0.9505314673134747,1.002858732409843,0,0,0.0,0.0,2903.7694061543853,28171.96825226218,141.77550988265637,63.6,,0,200,sweep
57,C,0.1,0.9663563610888175,0.9827726275259809,0,0,0.0,0.0,2887.0568832797303,31391.999716827886,159.41587929086887,66.3,,0,200,sweep
58,C,0.1,0.9888318808201513,1.0727525067563803,0,0,0.0,0.0,2882.3716945391966,31216.650240515817,158.89827247651579,65.3,,0,200,sweep
59,C,0.1,0.9764894549672574,1.0506982390997595,0,0,0.0,0.0,2877.993728970771,33798.56218043408,171.61655885639942,66.65,,0,200,sweep
60,C,0.1,0.9407961060978756,0.9616919722963142,0,0,0.0,0.0,2909.802457189206,30636.25634553862,154.60269326130202,64.35,,0,200,sweep
61,C,0.1,1.0397496236186212,0.9335536236522581,0,0,0.0,0.0,2863.178356869672,29143.408903477186,149.0279382298299,64.0,,0,200,sweep
62,C,0.1,0.920571902156289,1.0889057175913839,0,0,0.0,0.0,2899.877521446978,32997.142411673325,167.63564425163048,68.4,,0,200,sweep
63,C,0.1,1.0170008022071173,1.09132766958351,0,0,0.0,0.0,2869.1058837340265,32030.32067248237,162.71728469345211,64.75,,0,200,sweep
64,C,0.1,1.0148580715419089,1.0724508829135786,0,0,0.0,0.0,2862.781222481566,29583.134626344225,148.98019801298094,64.75,,0,200,sweep
65,C,0.1,0.9982336296523312,1.0490759438617607,0,0,0.0,0.0,2862.1838158198884,31857.684874682254,161.43481667960526,66.5,,0,200,sweep
66,C,0.1,1.0198680951413894,0.9855316228798081,0,0,0.0,0.0,2868.3237100408874,31042.352109165113,157.8059187383201,64.8,,0,200,sweep
67,C,0.1,1.000693078334786,1.0943120254489682,0,0,0.0,0.0,2864.2083130824512,32073.048494052524,161.99749511194108,65.55,,0,200,sweep
68,C,0.1,1.0722549137380635,1.0015897084323924,0,0,0.0,0.0,2864.1389211463393,31624.052467339832,160.0173717723171,61.0,,0,200,sweep
69,C,0.1,0.9491098434793225,0.9705171493073491,0,0,0.0,0.0,2868.867609633772,30678.62681244828,156.75744286972707,70.0,,0,200,sweep
70,C,0.1,0.9549177814716048,0.9716878894739991,0,0,0.0,0.0,2878.3506787453443,33217.78311501912,168.0235667456546,68.1,,0,200,sweep
71,C,0.1,1.0358550250968128,0.9875859288763568,0,0,0.0,0.0,2861.0147991718336,32280.584525192528,163.88776515672507,63.6,,0,200,sweep
72,C,0.1,1.0674042312657959,1.0003120400785792,0,0,0.0,0.0,2862.253211160362,28869.386378188934,146.19584082131308,61.1,,0,200,sweep
73,C,0.1,0.9034446487305681,0.9848595229602508,0,0,0.0,0.0,2867.0664088021967,34905.26066335086,179.00029723989988,75.95,,0,200,sweep
74,C,0.1,0.9020403961466685,1.0303522132701963,0,0,0.0,0.0,2907.3379575457698,34657.71268952546,175.54796954066893,68.35,,0,200,sweep
75,C,0.1,0.9659938651994886,1.0247299348929322,0,0,0.0,0.0,2895.8684378782996,33224.77497778117,168.41726259412454,65.2,,0,200,sweep
76,C,0.1,0.9557186385770253,0.9441280800180346,0,0,0.0,0.0,2891.6091828316466,32330.752658410573,163.30082050774465,64.85,,0,200,sweep
77,C,0.1,1.0007751640787388,0.9947339174789226,0,0,0.0,0.0,2864.4117603480126,28765.238876609837,145.44472273710178,66.2,,0,200,sweep
78,C,0.1,0.9762273300703382,0.9303107874846125,0,0,0.0,0.0,2886.470317624238,30355.9451150911,153.41840557440736,65.1,,0,200,sweep
79,C,0.1,0.9176984875192561,0.9294807907805,0,0,0.0,0.0,2903.955042121818,29896.6185001072,152.4878278135127,68.5,,0,200,sweep
80,C,0.1,1.0753098761798805,1.0470532315992425,0,0,0.0,0.0,2866.159397174221,28873.011836686223,145.25881476205976,60.15,,0,200,sweep
81,C,0.1,0.9246892329661419,0.9273433060704521,0,0,0.0,0.0,2904.6215839342276,32578.548517620577,165.18399108059242,67.65,,0,200,sweep
82,C,0.1,0.9419617815179919,0.9591543403543628,0,0,0.0,0.0,2863.2837546853716,34357.19948872412,175.41177767731753,72.1,,0,200,sweep
83,C,0.1,1.0772562918976987,0.9399223785109532,0,0,0.0,0.0,2861.317677119533,29176.079327918582,146.8790570659461,60.2,,0,200,sweep
84,C,0.1,1.026038861045771,1.0625068591114308,0,1,0.0,2.55858840320343,2864.8638519647907,29539.371180408554,149.62493097018248,64.1,,0,200,sweep
85,C,0.1,1.0268657427497279,0.9440299513605752,0,0,0.0,0.0,2862.647831524696,33068.555800503,168.7209239734214,65.05,,0,200,sweep
86,C,0.1,1.0156533850712497,1.09243742215486,0,0,0.0,0.0,2863.800812850918,32479.763479504487,164.04995802906294,65.15,,0,200,sweep
87,C,0.1,0.9314188810943721,0.9521396113544845,0,0,0.0,0.0,2880.5439275353992,33403.64248248123,169.42019365352294,69.75,,0,200,sweep
88,C,0.1,0.9325793479728662,0.9461849555732273,0,0,0.0,0.0,2896.8222909897095,29169.323219390415,148.83498684288858,68.25,,0,200,sweep
89,C,0.1,0.9721890754147235,1.0333879605929264,0,0,0.0,0.0,2882.246928793717,31111.535630270613,157.8394914269483,66.45,,0,200,sweep
90,C,0.1,1.0906566155340753,0.9048269153956792,0,0,0.0,0.0,2860.9628502213786,26793.40761709406,134.68377296913093,58.7,,0,200,sweep
91,C,0.1,0.9963409578387745,0.941241753752006,0,0,0.0,0.0,2868.1430029732096,31639.035892087075,160.40272949216177,65.8,,0,200,sweep
92,C,0.1,0.9646256725385652,0.9594797280265955,0,0,0.0,0.0,2881.726390953544,31423.058238616093,158.97885073959552,66.55,,0,200,sweep
93,C,0.1,0.9977888576846987,1.0572027102462944,0,0,0.0,0.0,2866.4421173705896,32853.40486567703,166.78375319081266,66.7,,0,200,sweep
94,C,0.1,1.067736308579437,0.9665037219302928,0,0,0.0,0.0,2863.36330988887,31833.463918833888,161.6603332945716,61.7,,0,200,sweep
95,C,0.1,0.909061260751398,1.0588599051404883,0,0,0.0,0.0,2911.6317623741625,33498.139464157386,169.44587502781812,67.25,,0,200,sweep
96,C,0.1,1.0403322857411696,1.0566102326032722,0,0,0.0,0.0,2865.243300621595,29772.85305928139,151.6838690238811,63.55,,0,200,sweep
97,C,0.1,1.0300285125406918,0.9226540135618585,0,0,0.0,0.0,2863.6117634697152,32599.983869558124,165.5579430007272,64.3,,0,200,sweep
98,C,0.1,0.9937172225084798,0.9923032921716911,0,0,0.0,0.0,2865.0679703509895,34077.7677160075,173.74437597638317,67.4,,0,200,sweep
99,C,0.1,1.0675185472808515,1.0564562218044955,0,0,0.0,0.0,2865.3193147964753,28561.314649209173,144.69673606181988,61.35,,0,200,sweep
0,C,0.2,0.8882584548261246,1.127975056022471,0,0,0.0,0.0,2995.561322206613,30349.350426969355,153.99771650933766,56.65,,0,200,sweep
1,C,0.2,0.9893277189952298,0.8102163922869385,0,0,0.0,0.0,2896.13499097597,31688.497034612854,160.25307015614663,62.0,,0,200,sweep
2,C,0.2,1.0795568691425965,0.8790616869653053,0,0,0.0,0.0,2862.710606432187,33724.29391066728,170.96359447768228,60.25,,0,200,sweep
3,C,0.2,1.0808868712312438,0.8798185187041141,0,0,0.0,0.0,2870.7684419425505,32274.53199321759,163.0759818733993,58.8,,0,200,sweep
4,C,0.2,0.939567718016691,1.049956677926497,0,0,0.0,0.0,2942.4294659579105,33828.46054312968,172.0451425217613,61.25,,0,200,sweep
5,C,0.2,1.093582574235724,0.9648804145628882,0,0,0.0,0.0,2861.557144438762,32506.135314114963,163.76156668646405,59.2,,0,200,sweep
6,C,0.2,1.0980467609264397,0.9621292368188002,0,0,0.0,0.0,2865.3066830394787,27817.39969369208,141.08255860057557,59.2,,0,200,sweep
7,C,0.2,0.8573064221838198,0.9272436963930003,0,0,0.0,0.0,2889.344378277904,38497.305193695945,198.49429414383548,77.65,34.0,0,200,sweep
8,C,0.2,0.8348463755281195,1.1112336211375635,0,0,0.0,0.0,2997.430305718225,30760.773664510874,156.55882058708582,61.95,,0,200,sweep
9,C,0.2,0.8977794349559759,1.148723068765157,0,0,0.0,0.0,2935.749521995253,32765.273120046957,165.32344645742583,65.25,,0,200,sweep
10,C,0.2,0.9123156529125525,1.1939998434677304,0,0,0.0,0.0,2864.4343723666943,32130.533636243577,163.70275465685717,74.55,,0,200,sweep
11,C,0.2,0.9156977479644669,0.8487117908687574,0,0,0.0,0.0,2905.4563527101136,27881.6300756595,141.24083053642227,67.5,,0,200,sweep
12,C,0.2,1.1739756043905318,0.9784476959851212,0,0,0.0,0.0,2860.7502462459643,23440.336747064157,117.32420144992784,54.1,,0,200,sweep
13,C,0.2,0.9405620606898465,1.0903161302918016,0,0,0.0,0.0,2961.2888532816787,24060.066257261296,121.74355842266668,58.15,,0,200,sweep
14,C,0.2,0.88057593836062,1.1228303169889737,0,0,0.0,0.0,2886.4185671551413,30601.997390054683,156.69678112812085,75.3,,0,200,sweep
15,C,0.2,1.1987482051880596,1.039830000556977,0,0,0.0,0.0,2860.4645379141484,24298.696186205103,122.49569594729921,53.7,,0,200,sweep
16,C,0.2,1.0785213946563754,1.1559260527281117,0,0,0.0,0.0,2862.0722637705812,31471.25078048049,157.70991885911445,59.65,,0,200,sweep
17,C,0.2,0.9330105889349283,1.0120003084491882,0,0,0.0,0.0,2912.7241198859665,26387.898598081712,132.1798939043443,64.3,,0,200,sweep
18,C,0.2,0.8557019913477526,1.037878261671297,0,0,0.0,0.0,2908.8167944463607,34440.513530567056,176.6880033402077,74.7,,0,200,sweep
19,C,0.2,1.0979026850075704,1.0666119892068822,0,0,0.0,0.0,2862.791956009255,32673.73295259889,164.17420608024537,58.55,,0,200,sweep
20,C,0.2,0.9241807970283783,1.138998928596345,0,0,0.0,0.0,2938.4210171884965,34412.873051620816,174.586593508151,62.6,,0,200,sweep
21,C,0.2,1.0356320061115025,0.8207106800407946,0,0,0.0,0.0,2863.3572828865517,27271.868483672413,138.31160799053512,63.25,,0,200,sweep
22,C,0.2,1.0408095417823242,0.9992949569827352,0,0,0.0,0.0,2863.654979426336,31720.427351963546,161.7612171748703,63.75,,0,200,sweep
23,C,0.2,0.8913822136643419,1.0787143422372727,0,0,0.0,0.0,2984.097581608996,26185.65007623924,132.623006594638,58.9,,0,200,sweep
24,C,0.2,0.8653200674035884,0.8497012175371028,0,0,0.0,0.0,2993.307188434882,27142.172565078654,137.49208195178025,59.4,,0,200,sweep
25,C,0.2,0.9458835828986699,1.1173594859212908,0,0,0.0,0.0,2941.5108848753753,28484.30182232384,144.23117795448084,60.4,,0,200,sweep
26,C,0.2,0.865133999587636,1.1056343724368451,0,0,0.0,0.0,3001.2222430652855,33141.0384089157,167.88069794162345,58.3,,0,200,sweep
27,C,0.2,0.8316041649124795,0.8616478928758784,0,0,0.0,0.0,2934.411946688189,30412.478199156983,153.7455550055958,71.05,,0,200,sweep
28,C,0.2,0.94226873319799,1.0986513589884783,0,0,0.0,0.0,2861.674637025094,36730.80666226073,186.22417507965184,71.5,,0,200,sweep
29,C,0.2,1.0877413076464173,1.1352992909125357,0,0,0.0,0.0,2860.636358853479,27938.586937248736,139.3943576220601,59.05,,0,200,sweep
30,C,0.2,1.1865664292825278,1.0106010573700956,0,0,0.0,0.0,2864.377164069695,25450.517229837948,126.44232650532577,52.65,,0,200,sweep
31,C,0.2,1.0175330226200554,0.8519395809763523,0,0,0.0,0.0,2864.086550637048,30535.65975245549,154.36865185426794,64.6,,0,200,sweep
32,C,0.2,0.8975339691983208,0.8668485547877863,0,0,0.0,0.0,2979.7269383110242,30702.857880886462,154.4209734597455,58.4,,0,200,sweep
33,C,0.2,1.04444705402718,0.8999583637092112,0,0,0.0,0.0,2866.5575048051364,27983.324288009833,142.25443208551866,63.0,,0,200,sweep
34,C,0.2,0.9285290238527141,0.9006325411730141,0,0,0.0,0.0,2863.2302528720716,32596.970148125536,166.52983755047927,72.45,,0,200,sweep
35,C,0.2,0.9400017110660551,1.1168533372052305,0,0,0.0,0.0,2942.779178804748,31063.11233582533,157.42143731298944,60.45,,0,200,sweep
36,C,0.2,1.197295412493243,1.0799908114515202,0,0,0.0,0.0,2858.156661740952,30017.060173161408,148.97529312579144,52.45,,0,200,sweep
37,C,0.2,1.0306260004894738,1.1515872449318993,0,0,0.0,0.0,2864.423390232996,28442.16338950824,143.66571797764465,63.95,,0,200,sweep
38,C,0.2,1.034424859903552,1.0682355343283338,0,0,0.0,0.0,2863.3319401596323,28501.322346848472,144.15642780500815,63.55,,0,200,sweep
39,C,0.2,0.9619885433396644,1.027455884982867,0,0,0.0,0.0,2876.2236018480007,34046.62032751897,172.57305900608952,67.8,,0,200,sweep
40,C,0.2,0.9233416621280889,1.1928980078174938,0,0,0.0,0.0,2938.7808103616553,32031.188246375845,162.53564049026375,63.0,,0,200,sweep
41,C,0.2,0.9413771692291328,1.182714715618217,0,0,0.0,0.0,2957.459501785234,26383.590078418292,133.6562924618099,59.0,,0,200,sweep
42,C,0.2,1.0396450010525544,0.8720312759509254,0,0,0.0,0.0,2863.713315056707,25795.50794710836,131.22172245657578,63.25,,0,200,sweep
43,C,0.2,1.1449837575508965,1.0548357266334305,0,0,0.0,0.0,2860.907102579077,26636.100001218838,133.36014596369625,55.9,,0,200,sweep
44,C,0.2,1.0505364530083983,1.0156022728957315,0,0,0.0,0.0,2877.4262871809083,25528.268891612548,129.5825153393185,61.15,,0,200,sweep
45,C,0.2,0.9609632893333443,1.1015066246559628,0,0,0.0,0.0,2914.298310947465,27014.560369642546,136.3235484372039,63.2,,0,200,sweep
46,C,0.2,0.8922973793104165,0.9418627271686465,0,0,0.0,0.0,2956.698101802114,33732.174057055374,169.5127031813053,62.2,,0,200,sweep
47,C,0.2,0.991909163043996,0.9174913654376023,0,0,0.0,0.0,2865.797232630528,36150.30803199305,184.6154646419793,67.15,,0,200,sweep
48,C,0.2,0.9054335361501555,1.185262632524396,0,0,0.0,0.0,2902.1858354999604,29174.375353696545,148.09985085682825,69.85,,0,200,sweep
49,C,0.2,0.8482693069234104,0.9079807785058978,0,0,0.0,0.0,2980.166604905106,30810.101171084178,154.69138812176953,62.15,,0,200,sweep
50,C,0.2,1.123707960577973,0.8831835396561295,0,0,0.0,0.0,2860.3614249506727,25755.175052760897,129.67508624785944,57.25,,0,200,sweep
51,C,0.2,1.0235099136338153,1.0350931188311108,0,0,0.0,0.0,2864.600537910407,32669.00284826629,164.3372645576702,64.0,,0,200,sweep
52,C,0.2,0.8048552168183343,1.1965360757751247,0,0,0.0,0.0,2913.732997304525,37316.62099634437,190.1081586577148,78.1,,0,200,sweep
53,C,0.2,0.8282026196501692,0.8888583487392524,0,0,0.0,0.0,2905.4273849943056,36063.11225965684,183.51031818644256,77.05,,0,200,sweep
54,C,0.2,0.9489741715920843,0.8964100289010142,0,0,0.0,0.0,2867.3994457639055,34990.66504954465,179.10240128022645,70.8,,0,200,sweep
55,C,0.2,1.1213279610710838,1.0842447322749122,0,0,0.0,0.0,2865.791179251128,24629.26086969672,123.25616474727732,57.2,,0,200,sweep
56,C,0.2,0.9010629346269493,1.005717464819686,0,0,0.0,0.0,2977.7015792153466,24040.218436615993,120.40753339809314,57.3,,0,200,sweep
57,C,0.2,0.932712722177635,0.9655452550519619,0,0,0.0,0.0,2945.1399453276877,29951.175629315134,150.86163485467176,60.65,,0,200,sweep
58,C,0.2,0.9776637616403023,1.1455050135127605,0,0,0.0,0.0,2937.787603269004,29484.05104407669,149.48947383420736,58.9,,0,200,sweep
59,C,0.2,0.9529789099345146,1.1013964781995187,0,0,0.0,0.0,2926.4018375931,34405.53656129078,174.10543160088312,61.5,,0,200,sweep
60,C,0.2,0.8815922121957511,0.9233839445926284,0,0,0.0,0.0,2991.339047119121,28416.125112214715,142.6815593185756,57.8,,0,200,sweep
61,C,0.2,1.0794992472372422,0.8671072473045164,0,0,0.0,0.0,2863.401213098519,27189.911640384882,138.81148061981494,61.0,,0,200,sweep
62,C,0.2,0.8411438043125781,1.1778114351827675,0,0,0.0,0.0,2967.2087496278227,33289.690651208846,169.07884317404918,65.95,,0,200,sweep
63,C,0.2,1.0340016044142344,1.1826553391670198,0,0,0.0,0.0,2877.4186452754107,32407.965757260303,164.45193164627398,62.0,,0,200,sweep
64,C,0.2,1.0297161430838178,1.1449017658271572,0,0,0.0,0.0,2861.7401456848197,27941.57883892607,140.3905289694018,63.65,,0,200,sweep
65,C,0.2,0.9964672593046622,1.0981518877235212,0,0,0.0,0.0,2861.2392587292925,32449.467959370202,163.97875717845562,66.55,,0,200,sweep
66,C,0.2,1.0397361902827786,0.9710632457596162,0,0,0.0,0.0,2902.1152695182795,29509.745454822947,148.83172890833552,58.4,,0,200,sweep
67,C,0.2,1.001386156669572,1.1886240508979362,0,0,0.0,0.0,2886.299830755831,31926.573613367942,160.99740738727644,62.55,,0,200,sweep
68,C,0.2,1.1445098274761267,1.0031794168647847,0,0,0.0,0.0,2863.095952383736,31943.631259583002,161.1550836481543,56.25,,0,200,sweep
69,C,0.2,0.8982196869586448,0.9410342986146981,0,0,0.0,0.0,2917.738520453669,28446.748964624767,144.5654405591501,67.4,,0,200,sweep
70,C,0.2,0.9098355629432094,0.9433757789479982,0,0,0.0,0.0,2933.306816735802,33342.427133628444,167.80760083815375,64.3,,0,200,sweep
71,C,0.2,1.0717100501936256,0.9751718577527134,0,0,0.0,0.0,2861.5831388158877,33220.555068098256,168.11918712896139,60.85,,0,200,sweep
72,C,0.2,1.1348084625315917,1.0006240801571584,0,0,0.0,0.0,2862.103244406681,26714.12473549534,134.74217320727067,56.65,,0,200,sweep
73,C,0.2,0.8068892974611361,0.9697190459205016,0,0,0.0,0.0,2899.3755864107893,37652.38358061583,192.87715897184552,81.2,,0,200,sweep
74,C,0.2,0.8040807922933371,1.0607044265403927,0,0,0.0,0.0,2993.606656233132,35931.59883400271,181.31622099815044,64.4,,0,200,sweep
75,C,0.2,0.9319877303989771,1.0494598697858644,0,0,0.0,0.0,2962.4092241622907,33200.926525704795,167.3249438467272,58.7,,0,200,sweep
76,C,0.2,0.9114372771540507,0.8882561600360691,0,0,0.0,0.0,2955.2440525102543,31951.426607116584,160.50592718904178,59.55,,0,200,sweep
77,C,0.2,1.0015503281574776,0.9894678349578451,0,0,0.0,0.0,2893.026608425502,25193.139294502533,126.5417289315667,61.65,,0,200,sweep
78,C,0.2,0.9524546601406763,0.860621574969225,0,0,0.0,0.0,2939.1028235937715,28317.91678157927,142.53811923495704,59.95,,0,200,sweep
79,C,0.2,0.8353969750385123,0.8589615815610001,0,0,0.0,0.0,2972.525900912235,27292.021951169205,138.8257279747364,65.75,,0,200,sweep
80,C,0.2,1.150619752359761,1.0941064631984847,0,0,0.0,0.0,2860.8566377720344,26786.332636945903,133.8808565769438,55.25,,0,200,sweep
81,C,0.2,0.8493784659322839,0.8546866121409042,0,0,0.0,0.0,2980.472877298491,32036.451199321462,161.90958459802923,63.05,,0,200,sweep
82,C,0.2,0.8839235630359837,0.9183086807087254,0,0,0.0,0.0,2863.9609312114476,37688.46781932027,193.99185221406776,78.7,,0,200,sweep
83,C,0.2,1.1545125837953971,0.8798447570219062,0,0,0.0,0.0,2862.5796211585985,27228.051118356874,136.4927438832821,55.35,,0,200,sweep
84,C,0.2,1.0520777220915418,1.1250137182228612,0,1,0.0,2.938666938618553,2863.213606471468,27938.340340693878,141.05225892051055,62.1,,0,200,sweep
85,C,0.2,1.0537314854994557,0.8880599027211503,0,0,0.0,0.0,2862.717675455694,34682.868060133245,176.74602932913808,62.8,,0,200,sweep
86,C,0.2,1.0313067701424992,1.18487484430972,0,0,0.0,0.0,2863.7731855488896,33619.07125695365,168.94647827963362,63.55,,0,200,sweep
87,C,0.2,0.8628377621887442,0.904279222708969,0,0,0.0,0.0,2941.882980863192,33607.444153506454,170.07630773256057,67.1,,0,200,sweep
88,C,0.2,0.8651586959457325,0.8923699111464546,0,0,0.0,0.0,2961.8883331458974,25796.47356998176,131.21773860363803,64.6,,0,200,sweep
89,C,0.2,0.944378150829447,1.0667759211858523,0,0,0.0,0.0,2929.3286590191797,29659.281945989183,150.10320886267084,62.25,,0,200,sweep
90,C,0.2,1.1813132310681507,0.8096538307913583,0,0,0.0,0.0,2860.613189026952,23031.63349021052,115.68303468958513,53.45,,0,200,sweep
91,C,0.2,0.9926819156775489,0.8824835075040119,0,0,0.0,0.0,2907.041610199899,30479.639939481956,153.54928899254918,60.4,,0,200,sweep
92,C,0.2,0.9292513450771305,0.9189594560531911,0,0,0.0,0.0,2932.449604689808,30162.556351212334,152.5063377751477,62.45,,0,200,sweep
93,C,0.2,0.9955777153693973,1.1144054204925888,0,0,0.0,0.0,2867.656632247737,34348.11731741446,174.10990497330462,66.35,,0,200,sweep
94,C,0.2,1.1354726171588736,0.9330074438605854,0,0,0.0,0.0,2862.3632922375623,32289.18291153334,163.21496591737176,57.25,,0,200,sweep
95,C,0.2,0.8181225215027961,1.1177198102809764,0,0,0.0,0.0,2999.097148951315,33724.68879691681,170.0882427832745,62.5,,0,200,sweep
96,C,0.2,1.080664571482339,1.1132204652065443,0,0,0.0,0.0,2865.0873603504324,28454.052135100024,144.51264402644705,60.65,,0,200,sweep
97,C,0.2,1.0600570250813837,0.845308027123717,0,0,0.0,0.0,2874.1426272695453,33451.24121368542,169.66779771815453,60.7,,0,200,sweep
98,C,0.2,0.9874344450169596,0.984606584343382,0,0,0.0,0.0,2864.605396192724,36862.5793058443,188.1323833489067,68.0,,0,200,sweep
99,C,0.2,1.135037094561703,1.1129124436089908,0,1,0.0,0.3730173566909798,2863.890405849013,26138.505083817676,131.83378883897748,56.75,,0,200,sweep
0,C,0.3,0.8323876822391869,1.1919625840337065,0,0,0.0,0.0,3062.284901424008,29416.478850392617,148.96208847803146,51.5,,0,200,sweep
1,C,0.3,0.9839915784928447,0.7153245884304077,0,0,0.0,0.0,2925.500163662036,31238.92085676009,157.7286977334213,58.5,,0,200,sweep
2,C,0.3,1.1193353037138947,0.8185925304479578,0,0,0.0,0.0,2873.261229030944,34604.394806268814,174.79004773804508,56.85,,0,200,sweep
3,C,0.3,1.1213303068468659,0.8197277780561711,0,0,0.0,0.0,2889.8422100343496,32097.11476029608,161.6414133819913,54.0,,0,200,sweep
4,C,0.3,0.9093515770250364,1.0749350168897458,0,0,0.0,0.0,2988.906380303566,34270.58286309506,173.88406000104072,56.9,,0,200,sweep
5,C,0.3,1.1403738613535859,0.9473206218443324,0,0,0.0,0.0,2864.0826745834147,32936.520593372166,164.84157372686806,55.65,,0,200,sweep
6,C,0.3,1.1470701413896596,0.9431938552282004,0,0,0.0,0.0,2869.764665170593,25992.174967569328,130.35565481597487,54.0,,0,200,sweep
7,C,0.3,0.7859596332757295,0.8908655445895004,0,0,0.0,0.0,2963.971319872657,39163.91327536175,198.7099230642636,71.65,19.0,0,200,sweep
8,C,0.3,0.7522695632921792,1.166850431706345,0,0,0.0,0.0,3069.0523908307027,29924.655102159584,152.11943829244348,57.95,,0,200,sweep
9,C,0.3,0.8466691524339638,1.2230846031477358,0,0,0.0,0.0,2988.311012436912,32557.303047026035,163.7156032869794,62.05,,0,200,sweep
10,C,0.3,0.8684734793688286,1.2909997652015957,0,0,0.0,0.0,2862.609660575879,32669.32240463605,166.66570442521396,79.65,,0,200,sweep
11,C,0.3,0.8735466219467004,0.7730676863031358,0,0,0.0,0.0,2938.737920340124,25484.889997759856,128.63171718880272,65.3,,0,200,sweep
12,C,0.3,1.2609634065857978,0.9676715439776817,0,0,0.0,0.0,2858.6568710655706,20241.612112688264,101.17456863645158,49.6,,0,200,sweep
13,C,0.3,0.9108430910347697,1.1354741954377026,0,0,0.0,0.0,3014.0839216400454,20565.76296515563,103.80768566351271,53.15,,0,200,sweep
14,C,0.3,0.8208639075409299,1.1842454754834608,0,0,0.0,0.0,2918.2779587673367,29519.966161438002,150.95999892851563,76.8,,0,200,sweep
15,C,0.3,1.2981223077820896,1.0597450008354654,0,0,0.0,0.0,2854.1802879522043,21507.62440480992,107.85083379209217,48.7,,0,200,sweep
16,C,0.3,1.1177820919845634,1.2338890790921677,0,0,0.0,0.0,2857.1019502275703,31531.042565494365,157.13859569205522,56.75,,0,200,sweep
17,C,0.3,0.8995158834023923,1.0180004626737822,0,0,0.0,0.0,2955.3710382902605,23302.223354204114,116.52828434145326,61.05,,0,200,sweep
18,C,0.3,0.7835529870216287,1.0568173925069453,0,0,0.0,0.0,2957.2593151379556,35039.80100554721,179.70391126021033,74.75,,0,200,sweep
19,C,0.3,1.1468540275113557,1.0999179838103235,0,0,0.0,0.0,2868.6840336221353,33004.21473120699,166.59182917719266,55.35,,0,200,sweep
20,C,0.3,0.8862711955425674,1.2084983928945179,0,0,0.0,0.0,2988.449208251559,34971.25687980142,176.97338052603965,58.6,,0,200,sweep
21,C,0.3,1.0534480091672538,0.7310660200611919,0,0,0.0,0.0,2863.2375519388784,25372.062923281646,128.84759144216326,62.05,,0,200,sweep
22,C,0.3,1.0612143126734865,0.9989424354741028,0,0,0.0,0.0,2862.7982079499084,31939.147851550424,162.896730263685,62.3,,0,200,sweep
23,C,0.3,0.8370733204965128,1.1180715133559092,0,0,0.0,0.0,3046.8441029656906,23539.23547762107,118.98245885383696,54.1,,0,200,sweep
24,C,0.3,0.7979801011053825,0.7745518263056541,0,0,0.0,0.0,3061.6290021120885,24790.940995346522,124.80924531222782,54.25,,0,200,sweep
25,C,0.3,0.9188253743480049,1.1760392288819361,0,0,0.0,0.0,2992.561764135249,26523.283735107147,133.7709919310873,55.4,,0,200,sweep
26,C,0.3,0.7977009993814539,1.1584515586552677,0,0,0.0,0.0,3071.4713768729016,33304.48205558171,168.20943031267444,53.3,,0,200,sweep
27,C,0.3,0.7474062473687191,0.7924718393138176,0,0,0.0,0.0,2988.423298303627,29037.289924506887,146.11740633274871,70.25,,0,200,sweep
28,C,0.3,0.9134030997969851,1.1479770384827175,0,0,0.0,0.0,2873.0539078626425,39163.154503516445,199.17982179548056,73.2,19.0,0,200,sweep
29,C,0.3,1.131611961469626,1.2029489363688037,0,0,0.0,0.0,2857.809338782174,26406.128230544506,131.2210631647711,56.3,,0,200,sweep
30,C,0.3,1.2798496439237919,1.0159015860551435,0,4,0.0,4.645967699431367,2857.979167748976,23102.79250513521,114.46621547793029,48.05,,0,200,sweep
31,C,0.3,1.026299533930083,0.7779093714645282,0,0,0.0,0.0,2864.477565788812,30149.990475360704,152.59296417908627,63.85,,0,200,sweep
32,C,0.3,0.8463009537974812,0.8002728321816794,0,0,0.0,0.0,3040.725260041174,29679.7702467402,148.89124627020374,53.3,,0,200,sweep
33,C,0.3,1.0666705810407702,0.8499375455638167,0,0,0.0,0.0,2864.6533143063307,26429.2475328081,134.0626467588048,61.1,,0,200,sweep
34,C,0.3,0.8927935357790712,0.8509488117595211,0,0,0.0,0.0,2868.271074435847,33106.780215580344,170.4158317718136,76.0,,0,200,sweep
35,C,0.3,0.9100025665990827,1.1752800058078456,0,0,0.0,0.0,2989.725234217395,30357.09994607338,153.4978939658748,56.1,,0,200,sweep
36,C,0.3,1.2959431187398645,1.1199862171772805,0,0,0.0,0.0,2852.781644463859,29448.879418428587,145.61604759005635,47.8,,0,200,sweep
37,C,0.3,1.0459390007342109,1.227380867397849,0,0,0.0,0.0,2862.2988171538263,27063.05640866538,136.41528815083828,62.75,,0,200,sweep
38,C,0.3,1.051637289855328,1.1023533014925009,0,0,0.0,0.0,2862.769760038988,27168.23392067766,137.06534618979066,62.25,,0,200,sweep
39,C,0.3,0.9429828150094967,1.0411838274743006,0,0,0.0,0.0,2907.1598386305704,34419.56188992038,173.92119435319302,65.2,,0,200,sweep
40,C,0.3,0.8850124931921333,1.2893470117262409,0,0,0.0,0.0,2986.7440685833303,31683.237391091283,160.28872571017052,59.25,,0,200,sweep
41,C,0.3,0.9120657538436991,1.2740720734273254,0,0,0.0,0.0,3010.5135026517582,23662.400839243477,119.822201139648,54.0,,0,200,sweep
42,C,0.3,1.0594675015788317,0.808046913926388,0,0,0.0,0.0,2861.983835190359,23197.561787909,117.88343314719562,61.55,,0,200,sweep
43,C,0.3,1.2174756363263448,1.0822535899501458,0,0,0.0,0.0,2856.350912808352,24700.190826072838,123.20601633402381,51.9,,0,200,sweep
44,C,0.3,1.0758046795125975,1.023403409343597,0,0,0.0,0.0,2899.290534935331,22492.84061921195,113.80881054676374,56.75,,0,200,sweep
45,C,0.3,0.9414449340000165,1.1522599369839444,0,0,0.0,0.0,2954.9289859697665,24336.72559158356,122.31657879001564,59.2,,0,200,sweep
46,C,0.3,0.8384460689656247,0.9127940907529697,0,0,0.0,0.0,3013.091443187615,34103.51727590712,170.8860802660018,58.3,,0,200,sweep
47,C,0.3,0.9878637445659941,0.8762370481564035,0,0,0.0,0.0,2869.147524980674,38441.61763301255,195.95354712813594,66.45,,0,200,sweep
48,C,0.3,0.8581503042252333,1.2778939487865941,0,0,0.0,0.0,2941.174062075247,27233.214989066386,137.58139092858488,68.15,,0,200,sweep
49,C,0.3,0.7724039603851156,0.8619711677588465,0,0,0.0,0.0,3047.083420451256,29908.01507282421,149.99333608992734,58.7,,0,200,sweep
50,C,0.3,1.1855619408669593,0.8247753094841942,0,0,0.0,0.0,2860.9445073484394,23354.939653310852,117.43089247466821,53.55,,0,200,sweep
51,C,0.3,1.0352648704507228,1.052639678246666,0,0,0.0,0.0,2864.5154003308744,33344.5161296523,167.25924287742768,63.05,,0,200,sweep
52,C,0.3,0.7072828252275012,1.294804113662687,0,0,0.0,0.0,2975.716575767493,39070.74661159128,199.60126064296,80.15,25.0,0,200,sweep
53,C,0.3,0.7423039294752536,0.8332875231088785,0,0,0.0,0.0,2950.522230716091,37831.91011224037,192.6609764784598,80.1,,0,200,sweep
54,C,0.3,0.9234612573881265,0.8446150433515213,0,0,0.0,0.0,2868.02989442133,36983.8714661979,189.96855056400398,73.35,,0,200,sweep
55,C,0.3,1.1819919416066256,1.1263670984123684,0,0,0.0,0.0,2867.563522996954,21705.828090892915,108.86268785413331,53.7,,0,200,sweep
56,C,0.3,0.8515944019404238,1.0085761972295288,0,0,0.0,0.0,3040.932264602861,20465.215519411893,102.14632139947025,52.15,,0,200,sweep
57,C,0.3,0.8990690832664524,0.9483178825779427,0,2,0.0,1.478547096597083,2988.018947273264,28591.70383539542,143.53761350571838,56.0,,0,200,sweep
58,C,0.3,0.9664956424604536,1.2182575202691408,0,0,0.0,0.0,2986.3040013216937,27970.579830776886,140.9514338948018,53.2,,0,200,sweep
59,C,0.3,0.929468364901772,1.1520947172992781,0,0,0.0,0.0,2972.015866093114,34915.901083860415,176.34662483024982,57.2,,0,200,sweep
60,C,0.3,0.8223883182936267,0.8850759168889425,0,0,0.0,0.0,3056.4585741017263,26487.885244910605,132.47906786431366,52.5,,0,200,sweep
61,C,0.3,1.1192488708558632,0.8006608709567744,0,0,0.0,0.0,2863.5653459284017,25362.423497359203,129.49869730600648,58.25,,0,200,sweep
62,C,0.3,0.7617157064688671,1.2667171527741514,0,0,0.0,0.0,3030.4188802667827,33580.80001721201,170.0804357788117,63.3,,0,200,sweep
63,C,0.3,1.0510024066213517,1.2739830087505297,0,0,0.0,0.0,2903.776487289793,32092.802196159326,162.07292073222243,57.7,,0,200,sweep
64,C,0.3,1.0445742146257264,1.2173526487407358,0,0,0.0,0.0,2860.891891788898,26333.093554107007,131.86824806699036,62.45,,0,200,sweep
65,C,0.3,0.9947008889569933,1.147227831585282,0,0,0.0,0.0,2865.5847713936064,32935.32647534311,166.5866962637811,66.65,,0,200,sweep
66,C,0.3,1.059604285424168,0.9565948686394243,0,0,0.0,0.0,2937.6467500032813,27986.11699746042,140.86897126266624,53.05,,0,200,sweep
67,C,0.3,1.0020792350043581,1.2829360763469044,0,0,0.0,0.0,2914.0779822583754,31509.23203298685,158.6367376123447,59.05,,0,200,sweep
68,C,0.3,1.21676474121419,1.004769125297177,0,0,0.0,0.0,2862.2854763037494,32209.405658816322,161.7815153248387,52.1,,0,200,sweep
69,C,0.3,0.8473295304379672,0.9115514479220471,0,0,0.0,0.0,2964.286054162507,26237.167955898636,133.29286574444183,65.1,,0,200,sweep
70,C,0.3,0.8647533444148141,0.9150636684219972,0,0,0.0,0.0,2982.72428077488,33356.29742966196,167.17421976667316,60.7,,0,200,sweep
71,C,0.3,1.1075650752904385,0.9627577866290702,0,0,0.0,0.0,2869.7590699005145,33900.33985520582,171.35270567433201,57.95,,0,200,sweep
72,C,0.3,1.2022126937973874,1.0009361202357376,0,0,0.0,0.0,2859.8068815657216,24749.68126036743,124.62141007780164,52.9,,0,200,sweep
73,C,0.3,0.710333946191704,0.9545785688807524,0,0,0.0,0.0,2968.0445133872336,39063.74537477281,198.91966863311723,81.3,20.0,0,200,sweep
74,C,0.3,0.7061211884400055,1.091056639810589,0,0,0.0,0.0,3072.899829089686,37081.87315583763,186.31590138464756,60.85,,0,200,sweep
75,C,0.3,0.8979815955984656,1.0741898046787965,0,0,0.0,0.0,3018.6408084020245,33127.42990029358,166.53675198527432,53.45,,0,200,sweep
76,C,0.3,0.867155915731076,0.8323842400541037,0,0,0.0,0.0,3011.5683025404046,31581.475018540797,158.1518429483968,55.05,,0,200,sweep
77,C,0.3,1.0023254922362164,0.9842017524367677,0,0,0.0,0.0,2925.2906079720415,21807.549529337226,109.32683201299399,57.55,,0,200,sweep
78,C,0.3,0.9286819902110144,0.7909323624538374,0,0,0.0,0.0,2983.95101020909,26465.953155339317,132.91306548814723,55.45,,0,200,sweep
79,C,0.3,0.7530954625577683,0.7884423723415,0,0,0.0,0.0,3036.032937151384,24851.558854572766,126.05482868033202,63.1,,0,200,sweep
80,C,0.3,1.2259296285396415,1.141159694797727,0,0,0.0,0.0,2856.917236104595,24906.006398146536,124.00621805837167,51.15,,0,200,sweep
81,C,0.3,0.7740676988984257,0.7820299182113563,0,0,0.0,0.0,3049.342526592001,31503.0839462573,158.76488523247002,59.0,,0,200,sweep
82,C,0.3,0.8258853445539754,0.877463021063088,0,0,0.0,0.0,2909.0998375283093,39169.330331360776,199.68613449521456,76.8,21.0,0,200,sweep
83,C,0.3,1.2317688756930956,0.8197671355328593,0,0,0.0,0.0,2860.7831049031265,25517.211640970992,127.46713876814927,51.2,,0,200,sweep
84,C,0.3,1.0781165831373127,1.187520577334292,0,1,0.0,2.954079430583988,2861.3447549657703,26403.63988843054,132.79735569451037,60.15,,0,200,sweep
85,C,0.3,1.0805972282491836,0.8320898540817254,0,0,0.0,0.0,2862.625449955582,36233.61536296639,184.65339921624576,60.9,,0,200,sweep
86,C,0.3,1.0469601552137489,1.27731226646458,0,0,0.0,0.0,2861.394004773474,34760.076071752235,174.27871480808813,62.35,,0,200,sweep
87,C,0.3,0.7942566432831163,0.8564188340634533,0,0,0.0,0.0,2999.043230187544,33792.32861234703,170.93562112686135,64.65,,0,200,sweep
88,C,0.3,0.7977380439185986,0.8385548667196818,0,0,0.0,0.0,3021.2310371658436,22653.483527920165,114.94250075390815,61.4,,0,200,sweep
89,C,0.3,0.9165672262441705,1.1001638817787787,0,0,0.0,0.0,2972.669394990469,28309.15447993547,142.84578886469535,58.4,,0,200,sweep
90,C,0.3,1.271969846602226,0.7144807461870375,0,0,0.0,0.0,2861.1431930379017,19766.02273612142,98.857263409408,48.65,,0,200,sweep
91,C,0.3,0.9890228735163233,0.8237252612560179,0,0,0.0,0.0,2938.767390993599,29331.61681943758,146.86586147846387,55.4,,0,200,sweep
92,C,0.3,0.8938770176156956,0.8784391840797865,0,0,0.0,0.0,2979.087166674361,29013.027869245885,146.22377769269696,58.55,,0,200,sweep
93,C,0.3,0.9933665730540959,1.1716081307388833,0,0,0.0,0.0,2884.325612337351,35105.32107144233,177.77184312011042,63.9,,0,200,sweep
94,C,0.3,1.2032089257383105,0.8995111657908781,0,0,0.0,0.0,2862.073782855131,32697.073632098207,164.68068936212458,53.3,,0,200,sweep
95,C,0.3,0.7271837822541939,1.1765797154214646,0,0,0.0,0.0,3076.881554233661,33901.32064026569,170.38245923504556,58.25,,0,200,sweep
96,C,0.3,1.1209968572235085,1.1698306978098163,0,0,0.0,0.0,2868.741387653482,27035.91086075439,137.15145702235964,57.55,,0,200,sweep
97,C,0.3,1.0900855376220755,0.7679620406855754,0,0,0.0,0.0,2894.753451559104,33625.7591365888,170.2121723624088,55.9,,0,200,sweep
98,C,0.3,0.9811516675254395,0.976909876515073,0,0,0.0,0.0,2873.888293814836,39209.248362269274,200.05218764035973,67.2,19.0,0,200,sweep
99,C,0.3,1.2025556418425545,1.169368665413486,0,1,0.0,3.5878345938021994,2857.2386432784415,23967.2354850904,120.44688478851072,53.0,,0,200,sweep
0,C,0.4,0.7765169096522493,1.2559501120449421,0,1,0.0,0.1683428004520522,3119.4430994775903,28614.15266526281,144.476399700032,47.1,,0,200,sweep
1,C,0.4,0.9786554379904595,0.620432784573877,0,0,0.0,0.0,2952.983033259128,30824.300285855694,155.4199746221395,55.3,,0,200,sweep
2,C,0.4,1.159113738285193,0.7581233739306104,0,0,0.0,0.0,2885.3875465718747,35050.28982878401,176.1462986105766,53.0,,0,200,sweep
3,C,0.4,1.1617737424624877,0.7596370374082282,0,0,0.0,0.0,2904.7204451519087,31912.8976382433,160.16831930602785,50.0,,0,200,sweep
4,C,0.4,0.879135436033382,1.0999133558529943,0,0,0.0,0.0,3032.3862327001825,34659.33117007262,175.36634411673268,53.25,,0,200,sweep
5,C,0.4,1.1871651484714478,0.9297608291257764,0,0,0.0,0.0,2865.4754325842423,33249.709161681094,165.1975876746382,52.25,,0,200,sweep
6,C,0.4,1.1960935218528794,0.9242584736376005,0,0,0.0,0.0,2872.6654827674815,24200.553474506807,120.9533804862253,49.9,,0,200,sweep
7,C,0.4,0.7146128443676394,0.8544873927860005,0,0,0.0,0.0,3038.3981487298106,39345.958656801,198.59540756760182,66.35,26.0,0,200,sweep
8,C,0.4,0.6696927510562389,1.2224672422751268,0,0,0.0,0.0,3133.9917862059183,29179.19124529243,148.2263334975358,54.4,,0,200,sweep
9,C,0.4,0.7955588699119516,1.2974461375303141,0,0,0.0,0.0,3035.5023022468854,32366.61928880321,162.23784301531114,59.15,,0,200,sweep
10,C,0.4,0.8246313058251048,1.3879996869354607,0,0,0.0,0.0,2861.4564402578485,33211.368860196206,169.85272558316944,85.55,,0,200,sweep
11,C,0.4,0.8313954959289338,0.6974235817375145,0,0,0.0,0.0,2967.71602245733,23173.877760213596,116.6890954721146,63.3,,0,200,sweep
12,C,0.4,1.3479512087810634,0.9568953919702423,0,3,0.0,2.0358424803121125,2851.048581727148,17459.639979262283,87.02304122097442,45.9,,0,200,sweep
13,C,0.4,0.8811241213796929,1.1806322605836033,0,0,0.0,0.0,3060.9444350429594,17520.013329828165,88.27171873881564,48.85,,0,200,sweep
14,C,0.4,0.7611518767212399,1.2456606339779475,0,0,0.0,0.0,2951.257993918846,28361.606389477678,145.17096169789147,78.5,,0,200,sweep
15,C,0.4,1.3974964103761192,1.0796600011139539,8,7,6.215071041519423,11.04018692279169,2843.7849289584806,19086.901769125914,95.5050681205606,44.7,,0,200,sweep
16,C,0.4,1.157042789312751,1.3118521054562233,0,0,0.0,0.0,2854.4841663909574,31601.836231642133,157.32299448627077,54.65,,0,200,sweep
17,C,0.4,0.8660211778698564,1.0240006168983762,0,0,0.0,0.0,2995.4878727010864,20440.735105968324,102.06786949490234,58.1,,0,200,sweep
18,C,0.4,0.711403982695505,1.0757565233425939,0,0,0.0,0.0,3004.7068070913406,35633.02718346752,183.02828607906392,75.05,,0,200,sweep
19,C,0.4,1.1958053700151408,1.1332239784137643,0,0,0.0,0.0,2870.8052775863866,33217.619880052924,169.54835620670482,52.6,,0,200,sweep
20,C,0.4,0.8483615940567565,1.2779978571926902,0,0,0.0,0.0,3032.593461948227,35484.605735989855,179.35763559521303,55.15,,0,200,sweep
21,C,0.4,1.071264012223005,0.6414213600815892,0,0,0.0,0.0,2862.7691509450347,23528.329096635185,119.59777462100317,60.9,,0,200,sweep
22,C,0.4,1.0816190835646484,0.9985899139654704,0,0,0.0,0.0,2863.5749191374616,32153.901728605528,163.6668454554563,60.75,,0,200,sweep
23,C,0.4,0.7827644273286838,1.1574286844745454,0,0,0.0,0.0,3101.779994799011,21216.03352743252,106.92918645842342,49.95,,0,200,sweep
24,C,0.4,0.7306401348071767,0.6994024350742055,0,0,0.0,0.0,3122.4747732936135,22691.835166455057,113.90256119018575,50.0,,0,200,sweep
25,C,0.4,0.8917671657973398,1.2347189718425815,0,0,0.0,0.0,3036.9971236052875,24782.588325402343,124.70370760222468,51.25,,0,200,sweep
26,C,0.4,0.7302679991752719,1.2112687448736903,0,0,0.0,0.0,3131.761980807246,33451.96038524687,168.2912246153581,48.95,,0,200,sweep
27,C,0.4,0.6632083298249588,0.7232957857517568,0,0,0.0,0.0,3042.868157602923,27630.83892545059,138.86358843773672,69.6,,0,200,sweep
28,C,0.4,0.88453746639598,1.1973027179769566,0,0,0.0,0.0,2923.9750912461345,39349.30565445945,199.21225832683933,68.2,14.0,0,200,sweep
29,C,0.4,1.1754826152928346,1.2705985818250716,0,0,0.0,0.0,2854.9906019376076,24969.988196961447,123.60339632116468,53.8,,0,200,sweep
30,C,0.4,1.3731328585650557,1.021202114740191,3,9,2.485788534221683,12.159540684072908,2847.5142114657783,21049.533990306547,103.8873135697881,44.05,,0,200,sweep
31,C,0.4,1.0350660452401108,0.7038791619527043,0,0,0.0,0.0,2865.3630697988096,29752.254621307973,150.75418016007106,63.25,,0,200,sweep
32,C,0.4,0.7950679383966416,0.7336971095755725,0,0,0.0,0.0,3091.6999275624703,28817.193301123072,143.80601041381803,48.85,,0,200,sweep
33,C,0.4,1.0888941080543602,0.7999167274184223,0,0,0.0,0.0,2865.5979301547986,24948.63385653787,126.8846729344652,59.9,,0,200,sweep
34,C,0.4,0.8570580477054281,0.8012650823460281,0,0,0.0,0.0,2879.219001791669,33435.81560498453,172.5475040490781,78.6,,0,200,sweep
35,C,0.4,0.8800034221321102,1.233706674410461,0,0,0.0,0.0,3033.8791938199756,29710.197832303704,150.1265699176204,52.4,,0,200,sweep
36,C,0.4,1.3945908249864858,1.1599816229030406,13,10,7.8568786379355515,11.090083007095473,2842.1431213620644,28942.980387232972,142.5720436057581,43.8,,0,200,sweep
37,C,0.4,1.0612520009789477,1.3031744898637987,0,0,0.0,0.0,2860.32304387341,25708.171654462967,129.26570853255356,61.55,,0,200,sweep
38,C,0.4,1.0688497198071039,1.1364710686566677,0,0,0.0,0.0,2862.4536212851285,25874.88903520051,130.2314539669601,61.0,,0,200,sweep
39,C,0.4,0.9239770866793289,1.054911769965734,0,0,0.0,0.0,2933.9079476255906,34752.995130203664,175.0151095581968,62.85,,0,200,sweep
40,C,0.4,0.8466833242561776,1.3857960156349878,0,0,0.0,0.0,3029.6080238953396,31399.173889245772,158.5101682144089,56.1,,0,200,sweep
41,C,0.4,0.8827543384582656,1.365429431236434,3,4,0.2184281006421429,0.7180724168572681,3059.2599733351312,21285.58840052616,107.30849333343801,49.35,,0,200,sweep
42,C,0.4,1.0792900021051088,0.7440625519018508,0,0,0.0,0.0,2863.9369869341376,20660.254304359943,104.57084726546266,59.5,,0,200,sweep
43,C,0.4,1.2899675151017929,1.1096714532668608,0,1,0.0,0.49269231920197853,2852.3954702807505,22934.955874477593,114.03800148576856,48.15,,0,200,sweep
44,C,0.4,1.1010729060167965,1.0312045457914627,0,0,0.0,0.0,2919.374279531796,19769.86814777789,99.75887389583383,52.9,,0,200,sweep
45,C,0.4,0.9219265786666886,1.2030132493119257,0,0,0.0,0.0,2990.469650362437,21912.43481304811,109.8551382888513,55.75,,0,200,sweep
46,C,0.4,0.7845947586208329,0.8837254543372929,0,0,0.0,0.0,3064.113039349409,34478.85752684773,172.50978936449542,55.05,,0,200,sweep
47,C,0.4,0.983818326087992,0.8349827308752046,0,0,0.0,0.0,2898.629149403291,39578.91838500379,200.4980252175904,63.25,12.0,0,200,sweep
48,C,0.4,0.8108670723003111,1.370525265048792,0,0,0.0,0.0,2980.318488314347,25341.124717902472,128.009682774573,66.9,,0,200,sweep
49,C,0.4,0.6965386138468208,0.8159615570117954,0,0,0.0,0.0,3107.5268017145604,29108.14603660901,145.68794558192445,55.5,,0,200,sweep
50,C,0.4,1.247415921155946,0.7663670793122589,0,0,0.0,0.0,2859.491403576838,21225.30128410968,106.39068305645057,50.45,,0,200,sweep
51,C,0.4,1.0470198272676303,1.0701862376622213,0,0,0.0,0.0,2864.717195146639,33983.51171382799,170.3202708550704,62.25,,0,200,sweep
52,C,0.4,0.6097104336366683,1.3930721515502493,0,0,0.0,0.0,3062.0895949765954,39247.63656108189,199.45121058629826,76.25,19.0,0,200,sweep
53,C,0.4,0.6564052393003382,0.7777166974785048,0,0,0.0,0.0,3008.041499508996,39142.09596571112,198.3548566139996,80.75,23.0,0,200,sweep
54,C,0.4,0.8979483431841686,0.7928200578020284,0,0,0.0,0.0,2871.733940695551,38858.34632431627,199.07323658881063,74.7,41.0,0,200,sweep
55,C,0.4,1.2426559221421676,1.1684894645498245,0,0,0.0,0.0,2874.7957022076707,18934.856569179225,95.00725684066569,49.9,,0,200,sweep
56,C,0.4,0.8021258692538984,1.0114349296393719,4,0,0.20968259923182586,0.0,3095.139364881343,17350.917123335654,86.17669927602779,47.75,,0,200,sweep
57,C,0.4,0.8654254443552699,0.9310905101039236,5,5,0.4908379832859566,2.5372744310394353,3026.6770592954954,27364.15678370627,137.02359182350523,52.0,,0,200,sweep
58,C,0.4,0.9553275232806047,1.291010027025521,2,2,0.06933552040334234,0.23571779503927814,3026.417157294101,26661.696633873566,134.14217405158269,48.9,,0,200,sweep
59,C,0.4,0.9059578198690292,1.2027929563990374,0,0,0.0,0.0,3013.1154867603573,35381.94619603439,178.2318667011528,53.4,,0,200,sweep
60,C,0.4,0.7631844243915022,0.8467678891852567,6,4,0.7173224307139776,0.8530572743736968,3105.9500356813064,24812.66431077926,123.94308536071026,48.25,,0,200,sweep
61,C,0.4,1.1589984944744844,0.7342144946090325,0,0,0.0,0.0,2862.647976446183,23680.432198796672,120.71905964067699,55.9,,0,200,sweep
62,C,0.4,0.6822876086251561,1.355622870365535,0,0,0.0,0.0,3090.314615182007,33848.94080262098,171.4429543364067,61.2,,0,200,sweep
63,C,0.4,1.0680032088284688,1.3653106783340394,0,0,0.0,0.0,2927.363584768775,31781.56839453318,159.76196651218277,53.75,,0,200,sweep
64,C,0.4,1.0594322861676353,1.2898035316543142,0,0,0.0,0.0,2860.5488137341267,24756.523670286402,123.31872041088783,61.1,,0,200,sweep
65,C,0.4,0.9929345186093244,1.1963037754470425,0,0,0.0,0.0,2867.015514215699,33236.39808072783,168.00501750802215,66.0,,0,200,sweep
66,C,0.4,1.0794723805655573,0.9421264915192322,0,0,0.0,0.0,2965.222817564071,26704.526982123978,133.88224976474143,48.55,,0,200,sweep
67,C,0.4,1.002772313339144,1.3772481017958724,0,0,0.0,0.0,2938.7835572865274,31127.854156247668,156.3188588859978,55.85,,0,200,sweep
68,C,0.4,1.2890196549522532,1.0063588337295695,0,2,0.0,0.8470373809117859,2864.2347754784414,32349.77195381871,162.89630940547187,49.0,,0,200,sweep
69,C,0.4,0.7964393739172896,0.8820685972293961,0,0,0.0,0.0,3008.8370191036224,24136.24537769141,122.32832244693368,62.65,,0,200,sweep
70,C,0.4,0.8196711258864187,0.8867515578959962,0,0,0.0,0.0,3028.6380543683686,33392.22774445235,166.8697108446276,57.65,,0,200,sweep
71,C,0.4,1.143420100387251,0.9503437155054268,0,0,0.0,0.0,2880.200003201049,34133.013719218055,172.57933488362067,54.5,,0,200,sweep
72,C,0.4,1.2696169250631832,1.0012481603143166,0,0,0.0,0.0,2854.4029087551007,22967.350272955515,115.3108210083764,49.4,,0,200,sweep
73,C,0.4,0.613778594922272,0.9394380918410032,0,0,0.0,0.0,3052.6590802235482,39221.88396098277,198.9057125122487,77.9,26.0,0,200,sweep
74,C,0.4,0.608161584586674,1.1214088530807853,0,0,0.0,0.0,3144.918878466015,38128.890285189744,191.1219822447018,57.65,,0,200,sweep
75,C,0.4,0.8639754607979541,1.0989197395717285,0,2,0.0,0.9976192420631094,3067.038722841718,33088.24785741755,165.66427752649264,48.95,,0,200,sweep
76,C,0.4,0.8228745543081013,0.7765123200721382,0,0,0.0,0.0,3060.4376915024764,31248.15702745025,156.0727904235585,51.25,,0,200,sweep
77,C,0.4,1.0031006563149552,0.9789356699156901,0,0,0.0,0.0,2954.436243769513,18760.440576385256,93.73301838212774,53.8,,0,200,sweep
78,C,0.4,0.9049093202813525,0.7212431499384497,0,0,0.0,0.0,3021.811956165235,24818.26851503525,124.2961536494796,51.6,,0,200,sweep
79,C,0.4,0.6707939500770244,0.7179231631220001,0,0,0.0,0.0,3097.4802220540355,22512.54267443667,113.96629862582463,60.75,,0,200,sweep
80,C,0.4,1.3012395047195218,1.1882129263969694,0,3,0.0,1.8223993304786745,2855.290005823699,23236.90956961284,115.58121221080617,47.85,,0,200,sweep
81,C,0.4,0.6987569318645677,0.7093732242818084,0,0,0.0,0.0,3110.111373962684,31011.60179838785,155.73969506416995,55.45,,0,200,sweep
82,C,0.4,0.7678471260719673,0.8366173614174507,0,0,0.0,0.0,2973.358167870106,39362.61128952082,199.57343402205916,72.3,15.0,0,200,sweep
83,C,0.4,1.309025167590794,0.7596895140438124,0,0,0.0,0.0,2855.103905307553,23970.858117578435,119.26486661920924,47.5,,0,200,sweep
84,C,0.4,1.1041554441830836,1.2500274364457225,0,1,0.0,1.596001797804547,2859.0139557479974,24914.887288924358,124.9495038564935,58.35,,0,200,sweep
85,C,0.4,1.1074629709989112,0.7761198054423006,0,0,0.0,0.0,2862.4086827332862,37733.93756913516,192.08687174887285,59.05,,0,200,sweep
86,C,0.4,1.0626135402849983,1.3697496886194398,0,0,0.0,0.0,2858.559040458721,35844.90947314107,179.28882068538167,61.3,,0,200,sweep
87,C,0.4,0.7256755243774884,0.8085584454179378,0,0,0.0,0.0,3056.339952019913,33919.49512309865,171.42268227161355,62.25,,0,200,sweep
88,C,0.4,0.7303173918914647,0.784739822292909,0,0,0.0,0.0,3076.8785721941144,19738.883422883497,99.95212311342473,58.5,,0,200,sweep
89,C,0.4,0.888756301658894,1.1335518423717048,0,0,0.0,0.0,3011.178033558175,27078.994887044384,136.32418949613574,55.0,,0,200,sweep
90,C,0.4,1.3626264621363013,0.6193076615827167,0,0,0.0,0.0,2858.980899108166,16948.407481266397,84.51540138215722,44.8,,0,200,sweep
91,C,0.4,0.9853638313550978,0.7649670150080238,0,1,0.0,0.14656047080148937,2958.5629110708096,28291.04365125088,141.2001841054834,51.5,,0,200,sweep
92,C,0.4,0.8585026901542608,0.837918912106382,0,0,0.0,0.0,3021.7733971069692,27966.29147164423,141.043887771357,55.4,,0,200,sweep
93,C,0.4,0.9911554307387945,1.2288108409851777,0,0,0.0,0.0,2903.0513264582096,35655.139259202944,180.4927134987039,61.5,,0,200,sweep
94,C,0.4,1.2709452343177472,0.8660148877211707,0,0,0.0,0.0,2858.8969721677536,32974.909930658585,165.4096094751588,49.5,,0,200,sweep
95,C,0.4,0.6362450430055919,1.235439620561953,0,0,0.0,0.0,3146.6526888056846,34066.18900056955,170.7405452478456,54.6,,0,200,sweep
96,C,0.4,1.1613291429646782,1.2264409304130885,0,0,0.0,0.0,2875.963690718202,25552.390955389623,129.4190372394098,54.2,,0,200,sweep
97,C,0.4,1.1201140501627673,0.6906160542474339,0,0,0.0,0.0,2914.6003653093953,33749.68413476336,170.31902730575953,51.8,,0,200,sweep
98,C,0.4,0.9748688900339191,0.969213168686764,0,0,0.0,0.0,2920.25120717966,39438.966947672714,200.09716952893663,61.3,22.0,0,200,sweep
99,C,0.4,1.270074189123406,1.2258248872179816,0,1,0.0,3.0361442508187793,2856.9424095108056,22000.203877585627,110.11255822269455,49.5,,0,200,sweep
